-- CLIENTES
insert into user_entity (account_non_expired, account_non_locked, created_at, credentials_non_expired, email, enabled, last_password_change_at, nombre, password, username, id) values (true, true, '2022-02-18', true, 'tnicely0@eepurl.com', true, '2023-02-09', 'Truda', '{bcrypt}$2a$12$ORWJZr4ph1SCADgUV.JoGOug2qlzPVU8s7GnRQiOLP.R8Uq/vxHyW', 'tgerrets0', 'eb0b467d-119b-481d-b204-7ffcdf9acb99');
insert into user_roles (user_id, roles) values ('eb0b467d-119b-481d-b204-7ffcdf9acb99', 2); -- Contraseña : 'G18BonYqt'
insert into user_entity (account_non_expired, account_non_locked, created_at, credentials_non_expired, email, enabled, last_password_change_at, nombre, password, username, id) values (true, true, '2022-12-16', true, 'zglison1@oracle.com', true, '2023-02-09', 'Zak', '{bcrypt}$2a$12$2rNcusYCR90aCDyjkFGFKuzCf2n6OiymwOJ0nlk0gTNkWDnTEqfbC', 'zstanhope1', '368b1df7-15e8-458e-8a72-ccd92d215bf1');
insert into user_roles (user_id, roles) values ('368b1df7-15e8-458e-8a72-ccd92d215bf1', 2); -- Contraseña : '1qHxueVX'
insert into user_entity (account_non_expired, account_non_locked, created_at, credentials_non_expired, email, enabled, last_password_change_at, nombre, password, username, id) values (true, true, '2022-05-09', true, 'kentreis2@ucla.edu', true, '2023-02-09', 'Karlotta', '{bcrypt}$2a$12$CszH5DZagA/73BG6kvylZusQTAVxyPud5HIRwhnwzrOOZY8OVvvMy', 'kchatten2', '267b5aca-75ea-4937-be88-ac3d1dbebe42');
insert into user_roles (user_id, roles) values ('267b5aca-75ea-4937-be88-ac3d1dbebe42', 2); -- Contraseña : '9mhyMXfE'
insert into user_entity (account_non_expired, account_non_locked, created_at, credentials_non_expired, email, enabled, last_password_change_at, nombre, password, username, id) values (true, true, '2022-07-15', true, 'dkintzel3@china.com.cn', true, '2023-02-01', 'Doralin', '{bcrypt}$2a$12$nCQdjaK3F0vtmYRd4GK7/.7qb9mhpDdqdp2pWXq0HDgnVGL0S2dU2', 'dstranieri3', '33b1da12-3d98-45c5-9a4d-3ddd85dd8367');
insert into user_roles (user_id, roles) values ('33b1da12-3d98-45c5-9a4d-3ddd85dd8367', 2); -- Contraseña : 'tOnF9iQqkxg'
insert into user_entity (account_non_expired, account_non_locked, created_at, credentials_non_expired, email, enabled, last_password_change_at, nombre, password, username, id) values (true, true, '2022-11-29', true, 'lthoma4@blinklist.com', true, '2023-01-27', 'Lowrance', '{bcrypt}$2a$12$s93cz.Pdf/Q37UvRUAqDOucIcUAb0ggnzVd0Bm5gHssIfLYJD7xTG', 'lchater4', '77ade664-98bb-4abe-8373-eb5f8b764e0b');
insert into user_roles (user_id, roles) values ('77ade664-98bb-4abe-8373-eb5f8b764e0b', 2); -- Contraseña : 'yQoJV6RKZA'
insert into user_entity (account_non_expired, account_non_locked, created_at, credentials_non_expired, email, enabled, last_password_change_at, nombre, password, username, id) values (true, true, '2022-08-07', true, 'hsoppett5@studiopress.com', true, '2023-02-06', 'Hank', '{bcrypt}$2a$12$3KgPQl0qQ38Z1jL9wKtckuObtbdrF458Z31KzoxFS//MHdA.awiTO', 'hlavery5', '126d7f14-11dc-4539-946d-d92175eddb6b');
insert into user_roles (user_id, roles) values ('126d7f14-11dc-4539-946d-d92175eddb6b', 2); -- Contraseña : 'EYvudl90XcN'
insert into user_entity (account_non_expired, account_non_locked, created_at, credentials_non_expired, email, enabled, last_password_change_at, nombre, password, username, id) values (true, true, '2022-09-01', true, 'akinner6@pagesperso-orange.fr', true, '2023-01-23', 'Alwyn', '{bcrypt}$2a$12$NAi6TOkWBIMDwF8Bi45qiueFjL3BYnlEp00DtiQXhjsTv5KqG8gzq', 'aflucker6', '96779a7f-9837-4561-8769-5e8d58068394');
insert into user_roles (user_id, roles) values ('96779a7f-9837-4561-8769-5e8d58068394', 2); -- Contraseña : 'bK2tuukBe'
insert into user_entity (account_non_expired, account_non_locked, created_at, credentials_non_expired, email, enabled, last_password_change_at, nombre, password, username, id) values (true, true, '2022-12-29', true, 'tbarrar7@miitbeian.gov.cn', true, '2023-01-25', 'Tildie', '{bcrypt}$2a$12$RU5LY47cSvkESC6blnAiLOHq5YNeqppkUqHEXG/JEUqAksa8Z1p1e', 'tjendrassik7', '12cc4f17-7e8a-4c6d-944d-005e0d155f1e');
insert into user_roles (user_id, roles) values ('12cc4f17-7e8a-4c6d-944d-005e0d155f1e', 2); -- Contraseña : '2RSktkHhc'
insert into user_entity (account_non_expired, account_non_locked, created_at, credentials_non_expired, email, enabled, last_password_change_at, nombre, password, username, id) values (true, true, '2022-02-15', true, 'kmennithorp8@wikimedia.org', true, '2023-02-11', 'Kip', '{bcrypt}$2a$12$u5XxrZF3hEoFdelrItDqyuQPKZKASXKoUc.q3IkVYrAh224BclcQy', 'kmighele8', '97953d40-5866-44ed-9d3f-d3fdad632bf4');
insert into user_roles (user_id, roles) values ('97953d40-5866-44ed-9d3f-d3fdad632bf4', 2); -- Contraseña : 'fFE3z2SnW'
insert into user_entity (account_non_expired, account_non_locked, created_at, credentials_non_expired, email, enabled, last_password_change_at, nombre, password, username, id) values (true, true, '2022-12-19', true, 'kkuzma9@canalblog.com', true, '2023-01-12', 'Kendre', '{bcrypt}$2a$12$.XbiOGrBCNn1EYhSxY8.wO3qR83MKKTfZgEux9SUQc6uTo7WVxTuO', 'kison9', '3eb63f1a-546b-4dbe-a813-03bed4a4cf98');
insert into user_roles (user_id, roles) values ('3eb63f1a-546b-4dbe-a813-03bed4a4cf98', 2); -- Contraseña : '62gkFrWAPe2'
insert into user_entity (account_non_expired, account_non_locked, created_at, credentials_non_expired, email, enabled, last_password_change_at, nombre, password, username, id) values (true, true, '2022-07-08', true, 'rmccullogha@infoseek.co.jp', true, '2023-02-12', 'Reina', '{bcrypt}$2a$12$Jg3immoOgmo/Wyqu1O31HejqmeH/AW0YBZS58siuYWKt3LDtco9iu', 'rpettitta', 'facb2c98-1d0c-495b-a0b6-b004f16bcc6f');
insert into user_roles (user_id, roles) values ('facb2c98-1d0c-495b-a0b6-b004f16bcc6f', 2); -- Contraseña : 'rJSfdRN'
insert into user_entity (account_non_expired, account_non_locked, created_at, credentials_non_expired, email, enabled, last_password_change_at, nombre, password, username, id) values (true, true, '2022-11-20', true, 'mseverb@bravesites.com', true, '2023-01-28', 'Miguelita', '{bcrypt}$2a$12$Jg3immoOgmo/Wyqu1O31HejqmeH/AW0YBZS58siuYWKt3LDtco9iu', 'mstandonb', '8607b0ea-47ed-4c3d-855b-e610a877df9f');
insert into user_roles (user_id, roles) values ('8607b0ea-47ed-4c3d-855b-e610a877df9f', 2); -- Contraseña : 'k0WLIv15i'
insert into user_entity (account_non_expired, account_non_locked, created_at, credentials_non_expired, email, enabled, last_password_change_at, nombre, password, username, id) values (true, true, '2022-06-09', true, 'ccowernc@google.co.uk', true, '2023-02-01', 'Carlynn', '{bcrypt}$2a$12$uXCmnYr3aIzX.FcEC0XOaOg3ZxdRkwj1V/AYAlJ20.gk7x3thy1Za', 'cstedmondc', '0cafbdc1-509d-4d22-a91c-8b6c527296dd');
insert into user_roles (user_id, roles) values ('0cafbdc1-509d-4d22-a91c-8b6c527296dd', 2); -- Contraseña : 'hd8XYJpgUAw2'
insert into user_entity (account_non_expired, account_non_locked, created_at, credentials_non_expired, email, enabled, last_password_change_at, nombre, password, username, id) values (true, true, '2022-06-21', true, 'aharradenced@twitter.com', true, '2023-02-13', 'Amil', '{bcrypt}$2a$12$7hvieB6qYDSmyjQ93ZMtYOumeGTM80o/g3CxjSmEDQvQkSObXuGji', 'adallond', '4a657097-bfee-4507-9a0a-b54bb13a3a02');
insert into user_roles (user_id, roles) values ('4a657097-bfee-4507-9a0a-b54bb13a3a02', 2); -- Contraseña : 'T3Qt36X'
insert into user_entity (account_non_expired, account_non_locked, created_at, credentials_non_expired, email, enabled, last_password_change_at, nombre, password, username, id) values (true, true, '2022-02-18', true, 'kbayliee@cafepress.com', true, '2023-01-13', 'Karlee', '{bcrypt}$2a$12$rzX20ULqFAdaBGfxHI/BgOtHx0MyLPnBs.28xgcJS0Q6tfAXBWfz.', 'kbredee', 'e7aec649-2e10-49c6-bb0a-cf316949e068');
insert into user_roles (user_id, roles) values ('e7aec649-2e10-49c6-bb0a-cf316949e068', 2); -- Contraseña : '5etRgXPa'
insert into user_entity (account_non_expired, account_non_locked, created_at, credentials_non_expired, email, enabled, last_password_change_at, nombre, password, username, id) values (true, true, '2022-08-15', true, 'lyeldonf@adobe.com', true, '2023-01-26', 'Leanna', '{bcrypt}$2a$12$NfPXqmGlM9u1F4Ls36eWUewwf9thSg/bEcQaAgrUp2i6ntp46udii', 'lasserf', 'e24e8e39-6553-4769-80eb-f02d89879846');
insert into user_roles (user_id, roles) values ('e24e8e39-6553-4769-80eb-f02d89879846', 2); -- Contraseña : 'ahCsNeR2EFT'
insert into user_entity (account_non_expired, account_non_locked, created_at, credentials_non_expired, email, enabled, last_password_change_at, nombre, password, username, id) values (true, true, '2022-05-26', true, 'fmclemang@illinois.edu', true, '2023-02-05', 'Fionnula', '{bcrypt}$2a$12$vJCTGr7i0uoU7v4rwtlwY.iBA9xU2kGgZP7jwHes03X0.QJm/BVuO', 'fcrockg', '9964713a-28c4-45f0-897e-fd390124d878');
insert into user_roles (user_id, roles) values ('9964713a-28c4-45f0-897e-fd390124d878', 2); -- Contraseña : 'JWeMcZ'
insert into user_entity (account_non_expired, account_non_locked, created_at, credentials_non_expired, email, enabled, last_password_change_at, nombre, password, username, id) values (true, true, '2022-07-08', true, 'dswinneyh@miitbeian.gov.cn', true, '2023-02-01', 'Dulcia', '{bcrypt}$2a$12$Ub.1pBjF/BFuchwH9TcgDeWmtXLJvUqOY5Ly6moLKGxsKN4uNtZsC', 'dmarriageh', '99dfc7a3-d6c7-4a6f-b8d8-7dbfa4fb3172');
insert into user_roles (user_id, roles) values ('99dfc7a3-d6c7-4a6f-b8d8-7dbfa4fb3172', 2); -- Contraseña : 'L9nnRMKfEBhQ'

INSERT INTO direccion_envio (id, calle, poblacion, ciudad, CP, numero, piso, puerta, usuario_id) VALUES ('d28185d7-47b8-45b9-bb6e-94d2a2c5235f', 'Calle de la Palmera', 'Caserío El Pedroso', 'Monte Alto', '41005', '21', '2', 'A', 'eb0b467d-119b-481d-b204-7ffcdf9acb99');
INSERT INTO direccion_envio (id, calle, poblacion, ciudad, CP, numero, piso, puerta, usuario_id) VALUES ('3d5d6f7a-2a07-42d3-a3bb-bd3a61a66ea8', 'Avenida de la Libertad', 'Mazarrón', 'La Murta', '30860', '18', '1', 'C', '267b5aca-75ea-4937-be88-ac3d1dbebe42');
INSERT INTO direccion_envio (id, calle, poblacion, ciudad, CP, numero, piso, puerta, usuario_id) VALUES ('b1079d64-17ee-4f1b-8cf6-7e497b438a16', 'Calle de la Fuente', 'Cortijada Los Pérez', 'La Cumbre', '14930', '5', '3', 'B', '368b1df7-15e8-458e-8a72-ccd92d215bf1');
INSERT INTO direccion_envio (id, calle, poblacion, ciudad, CP, numero, piso, puerta, usuario_id) VALUES ('e21e68d2-f9c8-4e03-b75f-52efc2aee7aa', 'Calle de la Playa', 'Cala de Finestrat', 'Alicante', '03509', '22', '7', 'B', '77ade664-98bb-4abe-8373-eb5f8b764e0b');
INSERT INTO direccion_envio (id, calle, poblacion, ciudad, CP, numero, piso, puerta, usuario_id) VALUES ('f3eb7d62-dc54-4a77-bcd1-c34787d2a4fa', 'Calle de la Sierra', 'Soto de los Palacios', 'Quintanar del Rey', '16220', '12', '4', 'D', '33b1da12-3d98-45c5-9a4d-3ddd85dd8367');
INSERT INTO direccion_envio (id, calle, poblacion, ciudad, CP, numero, piso, puerta, usuario_id) VALUES ('f72c2e4d-5734-4bfc-9ef3-07b0c9f5b196', 'Calle del Sol', 'Santa Pola', 'Alicante', '03130', '24', '1º', 'A', '96779a7f-9837-4561-8769-5e8d58068394');
INSERT INTO direccion_envio (id, calle, poblacion, ciudad, CP, numero, piso, puerta, usuario_id) VALUES ('cdd6f54b-2941-4c63-8f32-6fcde1a0429d', 'Calle de la Luna', 'Torremolinos', 'Málaga', '29620', '7', '2º', 'B', '12cc4f17-7e8a-4c6d-944d-005e0d155f1e');
INSERT INTO direccion_envio (id, calle, poblacion, ciudad, CP, numero, piso, puerta, usuario_id) VALUES ('a0e1de62-8b16-4a35-9b05-790a72853f9e', 'Avenida del Mar', 'San Fernando', 'Cádiz', '11100', '12', 'Atico', 'D', '97953d40-5866-44ed-9d3f-d3fdad632bf4');
INSERT INTO direccion_envio (id, calle, poblacion, ciudad, CP, numero, piso, puerta, usuario_id) VALUES ('3c017d4d-f4a7-4845-a5e3-5e6d2f6b17e6', 'Calle de la Estrella', 'Molina de Segura', 'Murcia', '30500', '5', 'Bajo', 'A', '3eb63f1a-546b-4dbe-a813-03bed4a4cf98');
INSERT INTO direccion_envio (id, calle, poblacion, ciudad, CP, numero, piso, puerta, usuario_id) VALUES ('e18e6c98-6d1d-4239-96e4-8bfdbb238ea1', 'Calle del Olivo', 'Alcázar de San Juan', 'Ciudad Real', '13600', '2', '1', 'C', 'facb2c98-1d0c-495b-a0b6-b004f16bcc6f');
INSERT INTO direccion_envio (id, calle, poblacion, ciudad, CP, numero, piso, puerta, usuario_id) VALUES ('e0f138f7-00f3-4127-a338-2b510ed54fb3', 'Calle San Juan', 'Córdoba', 'Córdoba',  '14002', '10', '2', 'B', '8607b0ea-47ed-4c3d-855b-e610a877df9f');
INSERT INTO direccion_envio (id, calle, poblacion, ciudad, CP, numero, piso, puerta, usuario_id) VALUES ('7aef73f4-7c34-4bcb-bffa-59fc4b4cb4f4', 'Calle La Luna', 'Torrejón de Ardoz', 'Madrid', '28850', '5', '1', 'C', '0cafbdc1-509d-4d22-a91c-8b6c527296dd');
INSERT INTO direccion_envio (id, calle, poblacion, ciudad, CP, numero, piso, puerta, usuario_id) VALUES ('f7e1702b-c3c6-4d13-a1ce-1f52e9e25c05', 'Calle La Paz', 'Bilbao', 'Vizcaya', '48003', '22', '3', 'D', '4a657097-bfee-4507-9a0a-b54bb13a3a02');
INSERT INTO direccion_envio (id, calle, poblacion, ciudad, CP, numero, piso, puerta, usuario_id) VALUES ('d888f89d-62e1-423e-90a2-7d85a98a9df9', 'Calle Principal', 'Sevilla', 'Sevilla', '41011', '8', '1', 'A', 'e7aec649-2e10-49c6-bb0a-cf316949e068');
INSERT INTO direccion_envio (id, calle, poblacion, ciudad, CP, numero, piso, puerta, usuario_id) VALUES ('5d3301f3-becf-4e5e-ba10-5146d2cf2dc9', 'Avenida del Parque', 'Las Rozas', 'Madrid', '28230', '16', '4', 'E', '126d7f14-11dc-4539-946d-d92175eddb6b');

-- PROPIETARIOS
insert into user_entity (account_non_expired, account_non_locked, created_at, credentials_non_expired, email, enabled, last_password_change_at, nombre, password, username, id) values (true, true, '2022-10-18', true, 'wolivetoi@berkeley.edu', true, '2023-02-07', 'Winnah', '{bcrypt}$2a$12$WohlM4JmSyTfoDRaTM1r9.BYPb8bNTjQSni8VlLy5KgHLqJO2pp.O', 'wboshardi', 'cdc4e6e8-552e-4934-931d-47d4864decf9');
insert into user_roles (user_id, roles) values ('cdc4e6e8-552e-4934-931d-47d4864decf9', 1); -- Contraseña : 'YT1ngMEs' || MANAGER DE GINOS
insert into user_entity (account_non_expired, account_non_locked, created_at, credentials_non_expired, email, enabled, last_password_change_at, nombre, password, username, id) values (true, true, '2022-11-02', true, 'daikenj@yale.edu', true, '2023-01-28', 'Dolf', '{bcrypt}$2a$12$dPyPyFXxeBtRSbarROR45uNlFLgWeE5jER7P0pH50uZIPFmCqAfOO', 'dbeinej', '8dee62cb-44fd-4ca3-9c08-39f0f2a355c7');
insert into user_roles (user_id, roles) values ('8dee62cb-44fd-4ca3-9c08-39f0f2a355c7', 1); -- Contraseña : 'aGlKvMfZZX' || MANAGER DE AMBOS MCDONALDS
insert into user_entity (account_non_expired, account_non_locked, created_at, credentials_non_expired, email, enabled, last_password_change_at, nombre, password, username, id) values (true, true, '2022-07-21', true, 'otanderk@microsoft.com', true, '2023-01-23', 'Olva', '{bcrypt}$2a$12$WPDb8ehkhi1uu/nYRkrviufl3M9y9pO64ZxCnPpu.gCbjGKG3ldEy', 'owagstaffek', '5fbae7d8-af38-4698-8921-f4f164396dbc');
insert into user_roles (user_id, roles) values ('5fbae7d8-af38-4698-8921-f4f164396dbc', 1); -- Contraseña : 'tIArJeoQ' || MANAGER DE DOMINOS
insert into user_entity (account_non_expired, account_non_locked, created_at, credentials_non_expired, email, enabled, last_password_change_at, nombre, password, username, id) values (true, true, '2022-02-14', true, 'kseppeyl@jugem.jp', true, '2023-01-31', 'Kasper', '{bcrypt}$2a$12$Ge/DcLPMrTQcIRIbP8KNButKDhySVU0wth99dm2IInx/uC19ieAFC', 'kfirpil', 'dd1b8942-cdcd-4e26-8df6-322eb21d0d03');
insert into user_roles (user_id, roles) values ('dd1b8942-cdcd-4e26-8df6-322eb21d0d03', 1); -- Contraseña : 'ny17g0u2vs' || MANAGER DE TELEPIZZA
insert into user_entity (account_non_expired, account_non_locked, created_at, credentials_non_expired, email, enabled, last_password_change_at, nombre, password, username, id) values (true, true, '2022-02-24', true, 'acunliffem@blogger.com', true, '2023-02-03', 'Antonin', '{bcrypt}$2a$12$0gtEOaaUj9h4iCJGzpn0hOzm3qY/puVPjpmtClA65cGEW.8i7EsFq', 'atomczynskim', '0e89905f-7627-4405-94b4-ef7a7836036d');
insert into user_roles (user_id, roles) values ('0e89905f-7627-4405-94b4-ef7a7836036d', 1); -- Contraseña : '0VNyNanRV5jB' || MANAGER DE OSHIRO
insert into user_entity (account_non_expired, account_non_locked, created_at, credentials_non_expired, email, enabled, last_password_change_at, nombre, password, username, id) values (true, true, '2022-03-11', true, 'lcuseickn@blogtalkradio.com', true, '2023-02-09', 'Lizette', '{bcrypt}$2a$12$WZRRyLoBiIQ9NwGzJcSr/eSInwJO90txnEMvWLu7kz8AOE62GYKau', 'lhurlestonen', '8a44a253-7847-462c-b7c5-31a6027a4937');
insert into user_roles (user_id, roles) values ('8a44a253-7847-462c-b7c5-31a6027a4937', 1); -- Contraseña : 'RyUGLoDFNI4Q' || MANAGER DE LA MAFIA
insert into user_entity (account_non_expired, account_non_locked, created_at, credentials_non_expired, email, enabled, last_password_change_at, nombre, password, username, id) values (true, true, '2023-01-02', true, 'sfairbourneo@intel.com', true, '2023-01-30', 'Stan', '{bcrypt}$2a$12$mlLEeKqOru9vOBTKpOLW6./oFV1scR1q70VYkapjA4JDjrJOIyxP6', 'sreeko', 'd6162049-71a1-43e3-b4a1-7fa5588b87f5');
insert into user_roles (user_id, roles) values ('d6162049-71a1-43e3-b4a1-7fa5588b87f5', 1); -- Contraseña : 'yDI562hyfmEQ' || MANAGER DE TACO BELL
insert into user_entity (account_non_expired, account_non_locked, created_at, credentials_non_expired, email, enabled, last_password_change_at, nombre, password, username, id) values (true, true, '2022-07-26', true, 'bizaksonp@hexun.com', true, '2023-01-21', 'Bibbye', '{bcrypt}$2a$12$g/dxIH.vn1dRS0fEj/k9l.O8TZ2SGHc2wcgLQfItbzoWHbcLqvkV.', 'bmancellp', 'dd975e40-845c-4d3e-ac4d-d5eee0d3b6bc');
insert into user_roles (user_id, roles) values ('dd975e40-845c-4d3e-ac4d-d5eee0d3b6bc', 1); -- Contraseña : 'fkp7JxleIfU' || MANAGER DE FIVE GUYS
insert into user_entity (account_non_expired, account_non_locked, created_at, credentials_non_expired, email, enabled, last_password_change_at, nombre, password, username, id) values (true, true, '2022-02-17', true, 'ahurnq@abc.net.au', true, '2023-02-04', 'Alia', '{bcrypt}$2a$12$J1tuFBkPzb2wi/yz9o4vZ.1vN96WNy6nLLmTg6vblBAZjyO/.MY5i', 'asemeredq', 'afbed725-aa5f-4166-8578-93fdacbad803');
insert into user_roles (user_id, roles) values ('afbed725-aa5f-4166-8578-93fdacbad803', 1); -- Contraseña : 'yBx68z8QT' || MANAGER SIN RESTAURANTE
insert into user_entity (account_non_expired, account_non_locked, created_at, credentials_non_expired, email, enabled, last_password_change_at, nombre, password, username, id) values (true, true, '2022-05-31', true, 'jratcliffer@friendfeed.com', true, '2023-01-18', 'Jolie', '{bcrypt}$2a$12$baePBTSIVJaupipUoXqnHOy/qnFkMvXAZYZ8OhuAsUHQt0cDyrzDO', 'jcretneyr', '474593bf-b0ce-4465-80a9-c3204e01bd79');
insert into user_roles (user_id, roles) values ('474593bf-b0ce-4465-80a9-c3204e01bd79', 1); -- Contraseña : 'vejTBPcS' || MANAGER SIN RESTAURANTE

insert into restaurante (apertura, cierre, cover_img_url, descripcion, nombre, restaurant_admin_id, id) values ('18:00:00', '00:00:00', 'GinosNuevoCentro.jpg', 'Preparamos de forma artesanal nuestras pizzas, nuestros platos de pasta y nuestros deliciosos entrantes y ensaladas. Ven a Ginos y siéntete como en Italia.', 'Ginos', 'cdc4e6e8-552e-4934-931d-47d4864decf9', '2f842af4-7497-429e-b174-4dae94238c6b');
insert into restaurante (apertura, cierre, cover_img_url, descripcion, nombre, restaurant_admin_id, id) values ('9:00:00', '00:00:00', 'MCDONALD´S-ESTRATEGIAS-DE-NEGOCIO-6.jpg', '¡Bienvenido a McDonalds® España! El hogar de las hamburguesas , tu cita con los Happy Meals y el lugar donde todo el mundo disfruta como un niño.', 'McdDonalds Plaza de armas', '8dee62cb-44fd-4ca3-9c08-39f0f2a355c7', 'e076e586-5ffd-4066-be7d-98afc2f12a6b');
insert into restaurante (apertura, cierre, cover_img_url, descripcion, nombre, restaurant_admin_id, id) values ('9:00:00', '00:00:00', 'MCDONALD´S-ESTRATEGIAS-DE-NEGOCIO-6.jpg', '¡Bienvenido a McDonalds® España! El hogar de las hamburguesas , tu cita con los Happy Meals y el lugar donde todo el mundo disfruta como un niño.', 'McDonalds Campana', '8dee62cb-44fd-4ca3-9c08-39f0f2a355c7', 'ad02c4e0-385f-4698-a8ea-f5988cdfd70b');
insert into restaurante (apertura, cierre, cover_img_url, descripcion, nombre, restaurant_admin_id, id) values ('17:00:00', '00:00:00', '1366_2000.jpg', 'Pide tu Dominos Pizza favorita a domicilio o a recoger en tu tienda más cercana. Disfruta de una experiencia única con nuestras pizzas de auténtica masa madre.', 'Dominos', '5fbae7d8-af38-4698-8921-f4f164396dbc', 'af601cda-3fd4-4441-a7f1-efc28bc2904d');
insert into restaurante (apertura, cierre, cover_img_url, descripcion, nombre, restaurant_admin_id, id) values ('18:00:00', '00:00:00', 'Telepizza.jpg', 'Tienes hambre? Pide online tu pizza favorita y disfruta de nuestra deliciosa comida a domicilio. Consulta todas nuestras ofertas y promociones.', 'Telepizza', 'dd1b8942-cdcd-4e26-8df6-322eb21d0d03', '00e0eddf-9146-4b7d-ac2e-870618d9ed82');
insert into restaurante (apertura, cierre, cover_img_url, descripcion, nombre, restaurant_admin_id, id) values ('19:00:00', '23:30:00', 'oshiro.jpg', 'Comida Japonesa en Sevilla. Sushi, sashimi, ramen, etc...', 'Oshiro', '0e89905f-7627-4405-94b4-ef7a7836036d', '1292a9cb-1ad8-49f0-91b4-21ad51afdcec');
insert into restaurante (apertura, cierre, cover_img_url, descripcion, nombre, restaurant_admin_id, id) values ('18:00:00', '00:00:00', 'lamafia.jpg', 'Red de más de 40 restaurantes Ítalo-mediterráneos donde comer resulta toda una experiencia. Especialistas en pasta fresca, pizza, rissoto y antipasti.', 'La Mafia', '8a44a253-7847-462c-b7c5-31a6027a4937', '76d3943f-2e5e-4c37-ac60-d26ef0d833ab');
insert into restaurante (apertura, cierre, cover_img_url, descripcion, nombre, restaurant_admin_id, id) values ('18:00:00', '00:00:00', 'taco.jpg', 'Taco Bell, cadena de restaurantes fast food de inspiración mexicana.', 'Taco Bell', 'd6162049-71a1-43e3-b4a1-7fa5588b87f5', 'd16e716b-82d7-41be-a4d0-4e06d624104b');
insert into restaurante (apertura, cierre, cover_img_url, descripcion, nombre, restaurant_admin_id, id) values ('18:00:00', '00:00:00', 'five-guys-2.jpg', 'Encuentra tu Five Guys · 15 toppings gratuitos a escoger, personalízalo a tu gusto · Todas nuestras patatas fritas vienen con una Cucharada extra en la bolsa.', 'Five Guys', 'dd975e40-845c-4d3e-ac4d-d5eee0d3b6bc', 'cd5438bf-f73c-43a2-9389-d43cb0ba2612');

INSERT INTO cocina (nombre, descripcion, icon_url, img_url, id) VALUES ('Italiana', 'Prueba la deliciosa pasta italiana. Lasagna, spaghetti, carbonara, ¡y mucho más!', '', '', '10dc8d6a-01e5-47c5-9f3e-76d72b9aef1d');
INSERT INTO cocina (nombre, descripcion, icon_url, img_url, id) VALUES ('Japonesa', 'Descubre los sabores únicos de la cocina japonesa. Sushi, ramen, tempura, ¡y más!', '', '', '3bfa3fb5-9be5-44b5-b5f5-5ef93f0ba08b');
INSERT INTO cocina (nombre, descripcion, icon_url, img_url, id) VALUES ('India', 'Prueba la explosión de sabores de la cocina india. Curry, tandoori, naan, ¡y mucho más!', '', '', 'f2b6e965-6ed2-4a8d-ba25-051d54f86ca3');
INSERT INTO cocina (nombre, descripcion, icon_url, img_url, id) VALUES ('Burger', 'Disfruta de las mejores hamburguesas con carne de primera calidad y toppings exquisitos.', '', '', 'd153c45e-893f-4c68-83de-9e310c18d6e1');
INSERT INTO cocina (nombre, descripcion, icon_url, img_url, id) VALUES ('Pizza', 'Prueba las pizzas más deliciosas hechas con ingredientes frescos y de alta calidad.', '', '', 'fe9dc9b9-511a-483f-b1f6-37f78b1bebae');
INSERT INTO cocina (nombre, descripcion, icon_url, img_url, id) VALUES ('Mexicana', 'Deléitate con los sabores auténticos de México. Tacos al pastor, guacamole, chiles rellenos, ¡y mucho más!', '', '', 'fc0d6300-711d-4421-a34a-0f83d9e9e61d');
INSERT INTO cocina (nombre, descripcion, icon_url, img_url, id) VALUES ('Sushi', 'Prueba el sushi más fresco y delicioso. Sashimi, maki, nigiri, ¡y más! Una experiencia japonesa única.', '', '', '7b0239d9-5767-4962-8c60-2f441feee5a7');

INSERT INTO restaurante_cocina (restaurante_id, cocina_id) VALUES ('2f842af4-7497-429e-b174-4dae94238c6b', '10dc8d6a-01e5-47c5-9f3e-76d72b9aef1d');
INSERT INTO restaurante_cocina (restaurante_id, cocina_id) VALUES ('76d3943f-2e5e-4c37-ac60-d26ef0d833ab', '10dc8d6a-01e5-47c5-9f3e-76d72b9aef1d');
INSERT INTO restaurante_cocina (restaurante_id, cocina_id) VALUES ('2f842af4-7497-429e-b174-4dae94238c6b', 'd153c45e-893f-4c68-83de-9e310c18d6e1');
INSERT INTO restaurante_cocina (restaurante_id, cocina_id) VALUES ('e076e586-5ffd-4066-be7d-98afc2f12a6b', 'd153c45e-893f-4c68-83de-9e310c18d6e1');
INSERT INTO restaurante_cocina (restaurante_id, cocina_id) VALUES ('ad02c4e0-385f-4698-a8ea-f5988cdfd70b', 'd153c45e-893f-4c68-83de-9e310c18d6e1');
INSERT INTO restaurante_cocina (restaurante_id, cocina_id) VALUES ('cd5438bf-f73c-43a2-9389-d43cb0ba2612', 'd153c45e-893f-4c68-83de-9e310c18d6e1');
INSERT INTO restaurante_cocina (restaurante_id, cocina_id) VALUES ('af601cda-3fd4-4441-a7f1-efc28bc2904d', 'fe9dc9b9-511a-483f-b1f6-37f78b1bebae');
INSERT INTO restaurante_cocina (restaurante_id, cocina_id) VALUES ('00e0eddf-9146-4b7d-ac2e-870618d9ed82', 'fe9dc9b9-511a-483f-b1f6-37f78b1bebae');
INSERT INTO restaurante_cocina (restaurante_id, cocina_id) VALUES ('d16e716b-82d7-41be-a4d0-4e06d624104b', 'fc0d6300-711d-4421-a34a-0f83d9e9e61d');
INSERT INTO restaurante_cocina (restaurante_id, cocina_id) VALUES ('1292a9cb-1ad8-49f0-91b4-21ad51afdcec', '7b0239d9-5767-4962-8c60-2f441feee5a7');
INSERT INTO restaurante_cocina (restaurante_id, cocina_id) VALUES ('1292a9cb-1ad8-49f0-91b4-21ad51afdcec', '3bfa3fb5-9be5-44b5-b5f5-5ef93f0ba08b');

INSERT INTO categoria (id, nombre, orden, restaurante_id) VALUES ('9291d31c-c358-4b87-a8c9-67a9af25a256' , 'Entrantes', 1, '1292a9cb-1ad8-49f0-91b4-21ad51afdcec');
INSERT INTO categoria (id, nombre, orden, restaurante_id) VALUES ('743d55df-9a62-4428-af12-4113ca2a2bb6' , 'Sushi', 2, '1292a9cb-1ad8-49f0-91b4-21ad51afdcec');
INSERT INTO categoria (id, nombre, orden, restaurante_id) VALUES ('c1bbb706-9754-4200-ba0d-13b02478e85d' , 'Platos calientes', 3, '1292a9cb-1ad8-49f0-91b4-21ad51afdcec');
INSERT INTO categoria (id, nombre, orden, restaurante_id) VALUES ('593789e4-167c-4dcd-aeda-ef84895040ff' , 'Nuestras pizzas gourmet', 1, '00e0eddf-9146-4b7d-ac2e-870618d9ed82');
INSERT INTO categoria (id, nombre, orden, restaurante_id) VALUES ('3913c3a8-b62b-4f64-b3ef-092387d0e8ff' , 'Las telepi clásicas', 2, '00e0eddf-9146-4b7d-ac2e-870618d9ed82');
INSERT INTO categoria (id, nombre, orden, restaurante_id) VALUES ('5de4188e-89b8-4557-8139-f1b61c7818da' , 'Para los veganos', 3, '00e0eddf-9146-4b7d-ac2e-870618d9ed82');
INSERT INTO categoria (id, nombre, orden, restaurante_id) VALUES ('8fa2bb81-6ad1-4d92-92ce-03274cc07912' , '¡Y algo para acompañar!', 4, '00e0eddf-9146-4b7d-ac2e-870618d9ed82');

-- MCDONALDS
insert into plato (descripcion, img_url, ingredientes, nombre, precio, restaurante_id, sin_gluten, valoracion_media, id) values ('Una bigmac normal', 'bigmac.jpeg', 'Ternera, Queso, Pan, Pepinillo, Cebolla', 'Big mac', 4.50, 'ad02c4e0-385f-4698-a8ea-f5988cdfd70b', false, 0.0, 'fdf1b30e-3c15-4fd3-9953-2a2ea8ab32a2');
insert into plato (descripcion, img_url, ingredientes, nombre, precio, restaurante_id, sin_gluten, valoracion_media, id) values ('Una bigmac sin gluten', 'bigmac.jpeg', 'Ternera, Queso, Pan, Pepinillo, Cebolla', 'Big mac sin gluten', 5.50, 'ad02c4e0-385f-4698-a8ea-f5988cdfd70b', true, 0.0, 'f854e03a-3688-4ad0-b1f8-f55ae65019b2');
insert into plato (descripcion, img_url, ingredientes, nombre, precio, restaurante_id, sin_gluten, valoracion_media, id) values ('Una CBO', 'cbo.png', 'Pollo, Queso, Pan, Salsa steak, Cebolla, bacon', 'CBO', 6.00, 'ad02c4e0-385f-4698-a8ea-f5988cdfd70b', false, 0.0, '473298e1-df4c-4571-b4e0-e7b1a7e53098');
insert into plato (descripcion, img_url, ingredientes, nombre, precio, restaurante_id, sin_gluten, valoracion_media, id) values ('Un helado', 'sundae.png', 'Choholate, Vainilla', 'Sundae', 2.50, 'ad02c4e0-385f-4698-a8ea-f5988cdfd70b', false, 0.0, 'fb7a4c93-59a5-4e54-b927-0844ef48bf04');
insert into plato (descripcion, img_url, ingredientes, nombre, precio, restaurante_id, sin_gluten, valoracion_media, id) values ('Unas patatas', 'patatasn.png', 'Patata', 'Patatas normales', 1.00, 'ad02c4e0-385f-4698-a8ea-f5988cdfd70b', false, 0.0, '88b0286f-4f11-49da-aa2b-72063c06f210');
insert into plato (descripcion, img_url, ingredientes, nombre, precio, restaurante_id, sin_gluten, valoracion_media, id) values ('Unas patatas deluxe', 'patatasd.png', 'Patata', 'Patatas deluxe', 1.50, 'ad02c4e0-385f-4698-a8ea-f5988cdfd70b', false, 0.0, 'b2155e56-f6d0-4d37-8603-50edb7933f0e');

insert into plato (descripcion, img_url, ingredientes, nombre, precio, restaurante_id, sin_gluten, valoracion_media, id) values ('Una bigmac normal', 'bigmac.jpeg', 'Ternera, Queso, Pan, Pepinillo, Cebolla', 'Big mac', 4.50, 'e076e586-5ffd-4066-be7d-98afc2f12a6b', false, 0.0, 'e481eaf6-24ce-4407-a103-ca18d5e1ecf4');
insert into plato (descripcion, img_url, ingredientes, nombre, precio, restaurante_id, sin_gluten, valoracion_media, id) values ('Una bigmac sin gluten', 'bigmac.jpeg', 'Ternera, Queso, Pan, Pepinillo, Cebolla', 'Big mac sin gluten', 5.50, 'e076e586-5ffd-4066-be7d-98afc2f12a6b', true, 0.0, '0b0bce52-9a5d-4de7-864c-797348ac5cc5');
insert into plato (descripcion, img_url, ingredientes, nombre, precio, restaurante_id, sin_gluten, valoracion_media, id) values ('Una CBO', 'cbo.png', 'Pollo, Queso, Pan, Salsa steak, Cebolla, bacon', 'CBO', 6.00, 'e076e586-5ffd-4066-be7d-98afc2f12a6b', false, 0.0, 'cd01b03f-fd63-42d1-8e54-20fa8a25463a');
insert into plato (descripcion, img_url, ingredientes, nombre, precio, restaurante_id, sin_gluten, valoracion_media, id) values ('Un helado', 'sundae.png', 'Choholate, Vainilla', 'Sundae', 2.50, 'e076e586-5ffd-4066-be7d-98afc2f12a6b', false, 0.0, '8ab93c33-ba2d-4b44-971a-19b53e6d7ae4');
insert into plato (descripcion, img_url, ingredientes, nombre, precio, restaurante_id, sin_gluten, valoracion_media, id) values ('Unas patatas', 'patatasn.png', 'Patata', 'Patatas normales', 1.00, 'e076e586-5ffd-4066-be7d-98afc2f12a6b', false, 0.0, '80e19fd8-6af2-4759-9baf-efb418cc5315');
insert into plato (descripcion, img_url, ingredientes, nombre, precio, restaurante_id, sin_gluten, valoracion_media, id) values ('Unas patatas deluxe', 'patatasd.png', 'Patata', 'Patatas deluxe', 1.50, 'e076e586-5ffd-4066-be7d-98afc2f12a6b', false, 0.0, 'b3abe01e-6716-44e4-a76f-38f03b8616ef');

-- GINOS
insert into plato (descripcion, img_url, ingredientes, nombre, precio, restaurante_id, sin_gluten, valoracion_media, id) values ('Ensalada de Frutas', 'default-plato.jpg', 'Manzana, fresas, kiwi, plátano, zumo de naranja, miel', 'Ensalada de Frutas', 7.50, '2f842af4-7497-429e-b174-4dae94238c6b', true, 0.0, 'd4b4e70d-684a-49cf-9e5f-7b05f882bbae');
insert into plato (descripcion, img_url, ingredientes, nombre, precio, restaurante_id, sin_gluten, valoracion_media, id) values ('Sopa de Verduras', 'default-plato.jpg', 'Calabacín, zanahoria, cebolla, apio, judías verdes, tomate, perejil, caldo de verduras', 'Sopa de Verduras', 6.00, '2f842af4-7497-429e-b174-4dae94238c6b', true, 0.0, 'c24e7e16-1289-4e02-bf53-d1f92d8a41e6');
insert into plato (descripcion, img_url, ingredientes, nombre, precio, restaurante_id, sin_gluten, valoracion_media, id) values ('Hamburguesa Vegetariana', 'default-plato.jpg', 'Garbanzos, zanahoria, cebolla, ajo, comino, pan rallado, lechuga, tomate, cebolla caramelizada', 'Hamburguesa Vegetariana', 9.50, '2f842af4-7497-429e-b174-4dae94238c6b', true, 0.0, 'b9350db5-85e4-4e4a-aa11-18ccfac8ba5f');
insert into plato (descripcion, img_url, ingredientes, nombre, precio, restaurante_id, sin_gluten, valoracion_media, id) values ('Arroz con Pollo', 'default-plato.jpg', 'Arroz, pollo, cebolla, ajo, pimiento rojo, tomate, guisantes, caldo de pollo, pimentón, sal, pimienta', 'Arroz con Pollo', 11.00, '2f842af4-7497-429e-b174-4dae94238c6b', true, 0.0, '1dcb1d7b-0f3d-4f67-9d44-7e9ba2b684a8');
insert into plato (descripcion, img_url, ingredientes, nombre, precio, restaurante_id, sin_gluten, valoracion_media, id) values ('Ensalada de Pollo y Aguacate', 'default-plato.jpg', 'Pollo, aguacate, lechuga, tomate, cebolla roja, cilantro, lima, aceite de oliva, sal, pimienta', 'Ensalada de Pollo y Aguacate', 8.50, '2f842af4-7497-429e-b174-4dae94238c6b', true, 0.0, '01e9e9b9-3d3d-4a50-9a57-77279de1eabf');
insert into plato (descripcion, img_url, ingredientes, nombre, precio, restaurante_id, sin_gluten, valoracion_media, id) values ('Sopa de Verduras', 'default-plato.jpg', 'Caldo de verduras, zanahoria, cebolla, apio, calabacín, judías verdes, tomate, arroz, aceite de oliva, sal, pimienta', 'Sopa de Verduras', 6.00, '2f842af4-7497-429e-b174-4dae94238c6b', true, 0.0, 'd57da6c5-6de1-44e1-9532-9586eb5e5e5a');
insert into plato (descripcion, img_url, ingredientes, nombre, precio, restaurante_id, sin_gluten, valoracion_media, id) values ('Ensalada de Aguacate', 'default-plato.jpg', 'Lechuga, aguacate, tomate, cebolla, maíz, cilantro fresco, zumo de limón, aceite de oliva', 'Ensalada de Aguacate', 8.50, '2f842af4-7497-429e-b174-4dae94238c6b', true, 0.0, 'a9d23a0c-48bb-45d6-a29f-70f5c5ed5b5c');
insert into plato (descripcion, img_url, ingredientes, nombre, precio, restaurante_id, sin_gluten, valoracion_media, id) values ('Lomo de Cerdo a la Parrilla', 'default-plato.jpg', 'Lomo de cerdo, sal, pimienta, romero fresco, aceite de oliva', 'Lomo de Cerdo a la Parrilla', 14.00, '2f842af4-7497-429e-b174-4dae94238c6b', false, 0.0, 'c2749f6b-c0c6-42e8-81b2-69b1247e45f8');
insert into plato (descripcion, img_url, ingredientes, nombre, precio, restaurante_id, sin_gluten, valoracion_media, id) values ('Salmón a la Plancha', 'default-plato.jpg', 'Salmón, sal, pimienta, zumo de limón, aceite de oliva', 'Salmón a la Plancha', 16.50, '2f842af4-7497-429e-b174-4dae94238c6b', true, 4.8, 'f5be5b6c-f28f-4b6c-b08c-d9f8f50e75e7');
insert into plato (descripcion, img_url, ingredientes, nombre, precio, restaurante_id, sin_gluten, valoracion_media, id) values ('Ensalada de aguacate y salmón', 'default-plato.jpg', 'Lechuga, aguacate, salmón ahumado, cebolla roja, zumo de limón, aceite de oliva', 'Ensalada de aguacate y salmón', 11.00, '2f842af4-7497-429e-b174-4dae94238c6b', true, 0.0, 'e5c5b5db-bac5-4d1d-b012-68076e1db8dc');
insert into plato (descripcion, img_url, ingredientes, nombre, precio, restaurante_id, sin_gluten, valoracion_media, id) values ('Tortilla española', 'default-plato.jpg', 'Patatas, cebolla, huevos, aceite de oliva', 'Tortilla española', 7.50, '2f842af4-7497-429e-b174-4dae94238c6b', true, 0.0, 'f23aa6d7-05a2-4d57-bf6c-1576cf96fb50');
insert into plato (descripcion, img_url, ingredientes, nombre, precio, restaurante_id, sin_gluten, valoracion_media, id) values ('Lasaña de verduras', 'default-plato.jpg', 'Láminas de lasaña, berenjenas, calabacín, pimientos rojos, salsa de tomate, queso Mozzarella', 'Lasaña de verduras', 12.50, '2f842af4-7497-429e-b174-4dae94238c6b', false, 0.0, 'ac5c89f5-1bb5-4137-8f4a-f11799d4c27e');

-- DOMINOS
insert into plato (descripcion, img_url, ingredientes, nombre, precio, restaurante_id, sin_gluten, valoracion_media, id) values ('Pizza Margherita', 'default-plato.jpg', 'Tomate, queso mozzarella, albahaca', 'Pizza Margherita', 8.50, 'af601cda-3fd4-4441-a7f1-efc28bc2904d', true, 0.0, '7c07eaa1-cdd7-48f9-a48b-3e0ee2a2e1af');
insert into plato (descripcion, img_url, ingredientes, nombre, precio, restaurante_id, sin_gluten, valoracion_media, id) values ('Pizza 4 Quesos', 'default-plato.jpg', 'Mozzarella, gorgonzola, queso de cabra, parmesano', 'Pizza 4 Quesos', 10.00, 'af601cda-3fd4-4441-a7f1-efc28bc2904d', true, 0.0, 'a62d0e63-c6a5-49a5-a6dd-136c56d1d7aa');
insert into plato (descripcion, img_url, ingredientes, nombre, precio, restaurante_id, sin_gluten, valoracion_media, id) values ('Pizza Margarita', 'default-plato.jpg', 'Tomate, mozzarella, albahaca', 'Margarita', 8.50, 'af601cda-3fd4-4441-a7f1-efc28bc2904d', false, 0.0, 'd3d36e36-0191-4417-8f64-8a8d9f200579');
insert into plato (descripcion, img_url, ingredientes, nombre, precio, restaurante_id, sin_gluten, valoracion_media, id) values ('Pizza Napolitana', 'default-plato.jpg', 'Tomate, mozzarella, anchoas, aceitunas negras', 'Napolitana', 10.00, 'af601cda-3fd4-4441-a7f1-efc28bc2904d', false, 0.0, 'fbd20b67-76e5-4108-8f19-9a76bda7aa02');
insert into plato (descripcion, img_url, ingredientes, nombre, precio, restaurante_id, sin_gluten, valoracion_media, id) values ('Pizza Calzone', 'default-plato.jpg', 'Tomate, mozzarella, jamón, champiñones', 'Calzone', 11.50, 'af601cda-3fd4-4441-a7f1-efc28bc2904d', false, 0.0, '2c424f6b-9d15-4da8-a345-56b2bb2b2a20');
insert into plato (descripcion, img_url, ingredientes, nombre, precio, restaurante_id, sin_gluten, valoracion_media, id) values ('Pizza Hawaiana', 'default-plato.jpg', 'Masa de pizza, tomate, mozzarella, jamón york, piña', 'Pizza Hawaiana', 10.00, 'af601cda-3fd4-4441-a7f1-efc28bc2904d', false, 0.0, 'f5d8c5af-43f7-4c1b-bbff-8c01e5bb9997');
insert into plato (descripcion, img_url, ingredientes, nombre, precio, restaurante_id, sin_gluten, valoracion_media, id) values ('Pizza Diavola', 'default-plato.jpg', 'Masa de pizza, tomate, mozzarella, salami picante, aceitunas negras, pimiento rojo', 'Pizza Diavola', 11.50, 'af601cda-3fd4-4441-a7f1-efc28bc2904d', false, 0.0, 'b1de018e-fdd8-4d52-8569-6785f9c5d5fb');
insert into plato (descripcion, img_url, ingredientes, nombre, precio, restaurante_id, sin_gluten, valoracion_media, id) values ('Refresco de cola', 'default-plato.jpg', 'Agua carbonatada, azúcar, colorante E-150d, ácido fosfórico, aromas naturales y cafeína', 'Refresco de cola', 2.50, 'af601cda-3fd4-4441-a7f1-efc28bc2904d', true, 0.0, '5d1a68db-0590-4473-a05f-8b0f2825f5a5');
insert into plato (descripcion, img_url, ingredientes, nombre, precio, restaurante_id, sin_gluten, valoracion_media, id) values ('Zumo de naranja natural', 'default-plato.jpg', 'Naranjas', 'Zumo de naranja natural', 4.00, 'af601cda-3fd4-4441-a7f1-efc28bc2904d', true, 0.0, '8f0d743e-22b7-4b1b-b36c-7c674ccf04de');
insert into plato (descripcion, img_url, ingredientes, nombre, precio, restaurante_id, sin_gluten, valoracion_media, id) values ('Cerveza rubia', 'default-plato.jpg', 'Agua, malta de cebada, lúpulo y levadura', 'Cerveza rubia', 3.50, 'af601cda-3fd4-4441-a7f1-efc28bc2904d', true, 0.0, 'af0c49b4-f834-4a0e-a4d9-9e97ab15eaa8');
insert into plato (descripcion, img_url, ingredientes, nombre, precio, restaurante_id, sin_gluten, valoracion_media, id) values ('Tarta de queso', 'default-plato.jpg', 'Queso crema, leche condensada, huevos, galletas, mantequilla y azúcar', 'Tarta de queso', 5.50, 'af601cda-3fd4-4441-a7f1-efc28bc2904d', false, 0.0, 'f72a2b13-15b2-47c1-b690-93768d369bc6');
insert into plato (descripcion, img_url, ingredientes, nombre, precio, restaurante_id, sin_gluten, valoracion_media, id) values ('Helado de chocolate', 'default-plato.jpg', 'Leche, nata, azúcar, yema de huevo y cacao en polvo', 'Helado de chocolate', 3.00, 'af601cda-3fd4-4441-a7f1-efc28bc2904d', true, 0.0, 'b1c4eaa6-6109-4ba4-b4a4-1ad4d38c2407');
insert into plato (descripcion, img_url, ingredientes, nombre, precio, restaurante_id, sin_gluten, valoracion_media, id) values ('Mousse de limón', 'default-plato.jpg', 'Zumo de limón, leche condensada, nata, gelatina y azúcar', 'Mousse de limón', 4.00, 'af601cda-3fd4-4441-a7f1-efc28bc2904d', true, 0.0, '6827b732-d70d-4efc-9f9c-44b5392cf143');

--TELEPIZZA
insert into plato (descripcion, img_url, ingredientes, nombre, precio, restaurante_id, sin_gluten, valoracion_media, id, categoria_id) values ('Pizza Margarita', 'default-plato.jpg', 'Masa de pizza, salsa de tomate, mozzarella y albahaca', 'Pizza Margarita', 8.50, '00e0eddf-9146-4b7d-ac2e-870618d9ed82', true, 0.0, '91a983bc-2d6d-4ad3-9a77-1c2dcffcfed5', '3913c3a8-b62b-4f64-b3ef-092387d0e8ff');
insert into plato (descripcion, img_url, ingredientes, nombre, precio, restaurante_id, sin_gluten, valoracion_media, id, categoria_id) values ('Pizza de pollo y champiñones', 'default-plato.jpg', 'Masa de pizza, salsa de tomate, mozzarella, pollo, champiñones y cebolla', 'Pizza de pollo y champiñones', 10.00, '00e0eddf-9146-4b7d-ac2e-870618d9ed82', false, 0.0, '6e5467e1-d468-45e7-8e22-fc18ac9de9fa', '593789e4-167c-4dcd-aeda-ef84895040ff');
insert into plato (descripcion, img_url, ingredientes, nombre, precio, restaurante_id, sin_gluten, valoracion_media, id, categoria_id) values ('Pizza de verduras', 'default-plato.jpg', 'Masa de pizza, salsa de tomate, mozzarella, pimiento, cebolla, champiñones y aceitunas', 'Pizza de verduras', 9.50, '00e0eddf-9146-4b7d-ac2e-870618d9ed82', true, 0.0, 'c25b87d3-cc3e-4870-b3e7-026bbfde39a7', '5de4188e-89b8-4557-8139-f1b61c7818da');
insert into plato (descripcion, img_url, ingredientes, nombre, precio, restaurante_id, sin_gluten, valoracion_media, id, categoria_id) values ('Pizza de jamón y queso', 'default-plato.jpg', 'Masa de pizza, salsa de tomate, mozzarella, jamón y aceitunas', 'Pizza de jamón y queso', 7.50, '00e0eddf-9146-4b7d-ac2e-870618d9ed82', false, 0.0, 'f372aa7d-205d-4d15-8c97-052bcb245c9b', '3913c3a8-b62b-4f64-b3ef-092387d0e8ff');
insert into plato (descripcion, img_url, ingredientes, nombre, precio, restaurante_id, sin_gluten, valoracion_media, id, categoria_id) values ('Pizza de pepperoni', 'default-plato.jpg', 'Masa de pizza, salsa de tomate, mozzarella y pepperoni', 'Pizza de pepperoni', 8.00, '00e0eddf-9146-4b7d-ac2e-870618d9ed82', true, 0.0, 'f29ebc2e-49c8-422f-b7b9-9fa33f3d8c06', '3913c3a8-b62b-4f64-b3ef-092387d0e8ff');
insert into plato (descripcion, img_url, ingredientes, nombre, precio, restaurante_id, sin_gluten, valoracion_media, id, categoria_id) values ('Pizza de cuatro quesos', 'default-plato.jpg', 'Masa de pizza, salsa de tomate, mozzarella, queso azul, queso de cabra y queso parmesano', 'Pizza de cuatro quesos', 11.50, '00e0eddf-9146-4b7d-ac2e-870618d9ed82', true, 0.0, 'd0c00e77-71b7-4d99-ba3e-9ef6f299c77d', '3913c3a8-b62b-4f64-b3ef-092387d0e8ff');
insert into plato (descripcion, img_url, ingredientes, nombre, precio, restaurante_id, sin_gluten, valoracion_media, id, categoria_id) values ('Pizza de jamón y piña', 'default-plato.jpg', 'Masa de pizza, salsa de tomate, mozzarella, jamón y piña', 'Pizza de jamón y piña', 9.50, '00e0eddf-9146-4b7d-ac2e-870618d9ed82', false, 0.0, 'c17d7a0c-5b5a-4c57-8321-5a684cfa2943', '593789e4-167c-4dcd-aeda-ef84895040ff');
insert into plato (descripcion, img_url, ingredientes, nombre, precio, restaurante_id, sin_gluten, valoracion_media, id, categoria_id) values ('Nuggets de pollo', 'default-plato.jpg', 'Pechuga de pollo, pan rallado, huevo y especias', 'Nuggets de pollo', 6.50, '00e0eddf-9146-4b7d-ac2e-870618d9ed82', false, 0.0, 'e6d00dd6-84c6-4ea6-8f68-14605e9b0f39', '8fa2bb81-6ad1-4d92-92ce-03274cc07912');
insert into plato (descripcion, img_url, ingredientes, nombre, precio, restaurante_id, sin_gluten, valoracion_media, id, categoria_id) values ('Ensalada César', 'default-plato.jpg', 'Lechuga, pollo, queso parmesano, picatostes y salsa César', 'Ensalada César', 7.50, '00e0eddf-9146-4b7d-ac2e-870618d9ed82', true, 0.0, '3d6a2a6b-1976-4b6a-88cb-ef9861b34e23', '8fa2bb81-6ad1-4d92-92ce-03274cc07912');
insert into plato (descripcion, img_url, ingredientes, nombre, precio, restaurante_id, sin_gluten, valoracion_media, id, categoria_id) values ('Aros de cebolla', 'default-plato.jpg', 'Cebolla, harina, huevo, leche y especias', 'Aros de cebolla', 5.50, '00e0eddf-9146-4b7d-ac2e-870618d9ed82', false, 0.0, '5e8e3d3b-08e6-4f50-bd8a-b879d33b2337', '8fa2bb81-6ad1-4d92-92ce-03274cc07912');

-- OSHIRO
insert into plato (descripcion, img_url, ingredientes, nombre, precio, restaurante_id, sin_gluten, valoracion_media, id, categoria_id) values ('Sushi de salmón', 'default-plato.jpg', 'Arroz, alga nori, salmón, aguacate y mayonesa japonesa', 'Sushi de salmón', 12.50, '1292a9cb-1ad8-49f0-91b4-21ad51afdcec', true, 0.0, '8a1c65c6-7f2d-4e01-9b4e-6a44933c3a01', '743d55df-9a62-4428-af12-4113ca2a2bb6');
insert into plato (descripcion, img_url, ingredientes, nombre, precio, restaurante_id, sin_gluten, valoracion_media, id, categoria_id) values ('Yakisoba de verduras', 'default-plato.jpg', 'Fideos soba, verduras, cerdo, salsa de soja y aceite de sésamo', 'Yakisoba de verduras', 9.00, '1292a9cb-1ad8-49f0-91b4-21ad51afdcec', false, 0.0, 'baa06a45-efb6-4d18-8a0a-f5b5c60da5da', 'c1bbb706-9754-4200-ba0d-13b02478e85d');
insert into plato (descripcion, img_url, ingredientes, nombre, precio, restaurante_id, sin_gluten, valoracion_media, id, categoria_id) values ('Sushi variado', 'default-plato.jpg', 'Arroz, alga nori, pescado y verduras', 'Sushi variado', 12.50, '1292a9cb-1ad8-49f0-91b4-21ad51afdcec', true, 0.0, '3a6d1543-2f31-4c2d-8d99-573a7c42af1a', '743d55df-9a62-4428-af12-4113ca2a2bb6');
insert into plato (descripcion, img_url, ingredientes, nombre, precio, restaurante_id, sin_gluten, valoracion_media, id, categoria_id) values ('Tempura de langostinos', 'default-plato.jpg', 'Langostinos, harina, huevo, agua fría y aceite', 'Tempura de langostinos', 9.00, '1292a9cb-1ad8-49f0-91b4-21ad51afdcec', false, 0.0, 'b60f5ef5-92c3-4028-a3ea-0ecaaedf020e', 'c1bbb706-9754-4200-ba0d-13b02478e85d');
insert into plato (descripcion, img_url, ingredientes, nombre, precio, restaurante_id, sin_gluten, valoracion_media, id, categoria_id) values ('Yakitori de pollo', 'default-plato.jpg', 'Pechuga de pollo, salsa yakitori, cebolla y pimiento', 'Yakitori de pollo', 8.50, '1292a9cb-1ad8-49f0-91b4-21ad51afdcec', true, 0.0, '0f3f74b1-d6af-4696-a0f6-4312716d8409', 'c1bbb706-9754-4200-ba0d-13b02478e85d');
insert into plato (descripcion, img_url, ingredientes, nombre, precio, restaurante_id, sin_gluten, valoracion_media, id, categoria_id) values ('Gyozas de cerdo', 'default-plato.jpg', 'Carne de cerdo, cebolla, ajo, jengibre, col y masa', 'Gyozas de cerdo', 7.50, '1292a9cb-1ad8-49f0-91b4-21ad51afdcec', false, 0.0, 'e7b8d202-cd33-43f6-b0b6-8e832dfcb98a', '9291d31c-c358-4b87-a8c9-67a9af25a256');
insert into plato (descripcion, img_url, ingredientes, nombre, precio, restaurante_id, sin_gluten, valoracion_media, id, categoria_id) values ('Uramaki de salmón', 'default-plato.jpg', 'Arroz, alga nori, salmón y aguacate', 'Uramaki de salmón', 10.50, '1292a9cb-1ad8-49f0-91b4-21ad51afdcec', true, 0.0, 'c4a4a04d-0a2a-4b3e-8d7c-667305b4e7e4', '743d55df-9a62-4428-af12-4113ca2a2bb6');
insert into plato (descripcion, img_url, ingredientes, nombre, precio, restaurante_id, sin_gluten, valoracion_media, id, categoria_id) values ('Okonomiyaki', 'default-plato.jpg', 'Huevo, harina, col, cerdo, cebolla y salsa okonomiyaki', 'Okonomiyaki', 11.00, '1292a9cb-1ad8-49f0-91b4-21ad51afdcec', false, 0.0, '2c01df0b-5797-4c4b-9ec4-4d4a4a12c096', 'c1bbb706-9754-4200-ba0d-13b02478e85d');
insert into plato (descripcion, img_url, ingredientes, nombre, precio, restaurante_id, sin_gluten, valoracion_media, id, categoria_id) values ('Yakisoba de verduras', 'default-plato.jpg', 'Fideos, zanahoria, pimiento, cebolla, col y salsa yakisoba', 'Yakisoba de verduras', 9.50, '1292a9cb-1ad8-49f0-91b4-21ad51afdcec', true, 0.0, 'ca1aeea7-223d-4e97-bf0c-8d7aa9ed9f92', 'c1bbb706-9754-4200-ba0d-13b02478e85d');
insert into plato (descripcion, img_url, ingredientes, nombre, precio, restaurante_id, sin_gluten, valoracion_media, id, categoria_id) values ('Sashimi de atún', 'default-plato.jpg', 'Atún, wasabi y salsa de soja', 'Sashimi de atún', 13.50, '1292a9cb-1ad8-49f0-91b4-21ad51afdcec', true, 0.0, '1c15b352-7b13-404f-981e-9129732ce404', '743d55df-9a62-4428-af12-4113ca2a2bb6');
insert into plato (descripcion, img_url, ingredientes, nombre, precio, restaurante_id, sin_gluten, valoracion_media, id, categoria_id) values ('Gyudon', 'default-plato.jpg', 'Arroz, ternera, cebolla y huevo', 'Gyudon', 12.00, '1292a9cb-1ad8-49f0-91b4-21ad51afdcec', false, 0.0, '259fa7e7-2e1c-4c02-b114-6e940b6a0899', 'c1bbb706-9754-4200-ba0d-13b02478e85d');
insert into plato (descripcion, img_url, ingredientes, nombre, precio, restaurante_id, sin_gluten, valoracion_media, id, categoria_id) values ('Takoyaki', 'default-plato.jpg', 'Harina, pulpo, cebolla y salsa takoyaki', 'Takoyaki', 8.50, '1292a9cb-1ad8-49f0-91b4-21ad51afdcec', false, 0.0, 'f081d16f-99a8-4339-94fa-6512d9ee7fc8', 'c1bbb706-9754-4200-ba0d-13b02478e85d');
insert into plato (descripcion, img_url, ingredientes, nombre, precio, restaurante_id, sin_gluten, valoracion_media, id, categoria_id) values ('Katsu Curry', 'default-plato.jpg', 'Arroz, pollo empanado y salsa curry', 'Katsu Curry', 14.00, '1292a9cb-1ad8-49f0-91b4-21ad51afdcec', false, 0.0, '12f176c3-44a8-4d11-9e31-efde1ebea1c2', 'c1bbb706-9754-4200-ba0d-13b02478e85d');
insert into plato (descripcion, img_url, ingredientes, nombre, precio, restaurante_id, sin_gluten, valoracion_media, id, categoria_id) values ('Edamame', 'default-plato.jpg', 'Soja verde cocida y sal', 'Edamame', 5.00, '1292a9cb-1ad8-49f0-91b4-21ad51afdcec', true, 0.0, '7b04c82f-6d34-4e38-9f68-6f01e49928f3', '9291d31c-c358-4b87-a8c9-67a9af25a256');

-- LA MAFIA
insert into plato (descripcion, img_url, ingredientes, nombre, precio, restaurante_id, sin_gluten, valoracion_media, id) values ('Spaghetti Carbonara', 'default-plato.jpg', 'Spaghetti, panceta, huevo y queso parmesano', 'Spaghetti Carbonara', 11.50, '76d3943f-2e5e-4c37-ac60-d26ef0d833ab', false, 0.0, 'fd8f5e77-92c5-446f-81aa-5dbbe2e58c92');
insert into plato (descripcion, img_url, ingredientes, nombre, precio, restaurante_id, sin_gluten, valoracion_media, id) values ('Pizza Margherita', 'default-plato.jpg', 'Tomate, mozzarella y albahaca', 'Pizza Margherita', 9.50, '76d3943f-2e5e-4c37-ac60-d26ef0d833ab', false, 0.0, 'b53ee28f-28cc-4b96-a26f-94285dfe2162');
insert into plato (descripcion, img_url, ingredientes, nombre, precio, restaurante_id, sin_gluten, valoracion_media, id) values ('Risotto al Funghi', 'default-plato.jpg', 'Arroz, champiñones y queso parmesano', 'Risotto al Funghi', 13.00, '76d3943f-2e5e-4c37-ac60-d26ef0d833ab', true, 0.0, 'f56752c8-8d9f-4f5c-a2b1-ee8e40a77a3e');
insert into plato (descripcion, img_url, ingredientes, nombre, precio, restaurante_id, sin_gluten, valoracion_media, id) values ('Lasagne', 'default-plato.jpg', 'Láminas de pasta, salsa de tomate, carne picada y bechamel', 'Lasagne', 12.50, '76d3943f-2e5e-4c37-ac60-d26ef0d833ab', false, 0.0, 'a0e35ee7-0380-466c-b7d1-692f0d43396d');
insert into plato (descripcion, img_url, ingredientes, nombre, precio, restaurante_id, sin_gluten, valoracion_media, id) values ('Fettuccine Alfredo', 'default-plato.jpg', 'Fettuccine, mantequilla, nata, y queso parmesano', 'Fettuccine Alfredo', 10.50, '76d3943f-2e5e-4c37-ac60-d26ef0d833ab', false, 0.0, 'e0e8c97d-bfd4-4e25-8f98-8c9b19d4b4f3');
insert into plato (descripcion, img_url, ingredientes, nombre, precio, restaurante_id, sin_gluten, valoracion_media, id) values ('Ravioli di Carne', 'default-plato.jpg', 'Ravioli rellenos de carne con salsa de tomate', 'Ravioli di Carne', 14.00, '76d3943f-2e5e-4c37-ac60-d26ef0d833ab', false, 0.0, '2f3e3e72-8e9d-471c-9b68-6f8dd7f1ba6c');
insert into plato (descripcion, img_url, ingredientes, nombre, precio, restaurante_id, sin_gluten, valoracion_media, id) values ('Bruschetta', 'default-plato.jpg', 'Pan tostado con tomate, albahaca y aceite de oliva', 'Bruschetta', 6.50, '76d3943f-2e5e-4c37-ac60-d26ef0d833ab', false, 0.0, 'a127d94a-3698-4e03-9a69-9c2f84a8d8c6');
insert into plato (descripcion, img_url, ingredientes, nombre, precio, restaurante_id, sin_gluten, valoracion_media, id) values ('Tiramisú', 'default-plato.jpg', 'Bizcochos de soletilla, café, mascarpone y cacao', 'Tiramisú', 7.50, '76d3943f-2e5e-4c37-ac60-d26ef0d833ab', true, 0.0, 'd6ee851c-00b9-41c5-a8fa-d6a132b6ab16');
insert into plato (descripcion, img_url, ingredientes, nombre, precio, restaurante_id, sin_gluten, valoracion_media, id) values ('Penne all’arrabbiata', 'default-plato.jpg', 'Penne con salsa picante de tomate y ajo', 'Penne all’arrabbiata', 9.00, '76d3943f-2e5e-4c37-ac60-d26ef0d833ab', true, 0.0, '4b174f96-8d27-4d4a-98d3-3aeb31ed2f0b');
INSERT INTO plato (descripcion, img_url, ingredientes, nombre, precio, restaurante_id, sin_gluten, valoracion_media, id) VALUES ('Margherita pizza', 'default-plato.jpg', 'Tomato sauce, mozzarella cheese, basil leaves', 'Margherita', 10.99, '76d3943f-2e5e-4c37-ac60-d26ef0d833ab', false, 0.0, '5eb2dd1e-b828-49da-924d-b84dc8c0a7b6');
INSERT INTO plato (descripcion, img_url, ingredientes, nombre, precio, restaurante_id, sin_gluten, valoracion_media, id) VALUES ('Spaghetti carbonara', 'default-plato.jpg', 'Spaghetti, pancetta, egg yolks, parmesan cheese, black pepper', 'Spaghetti Carbonara', 13.99, '76d3943f-2e5e-4c37-ac60-d26ef0d833ab', true, 0.0, '6f077d19-18b6-4c6f-a319-877f87c18d1b');
INSERT INTO plato (descripcion, img_url, ingredientes, nombre, precio, restaurante_id, sin_gluten, valoracion_media, id) VALUES ('Spaghetti Carbonara', 'default-plato.jpg', 'Spaghetti, pancetta, eggs, Parmesan cheese', 'Carbonara', 12.00, '76d3943f-2e5e-4c37-ac60-d26ef0d833ab', false, 0.0, '01b6adad-85c4-4fa9-ba03-e08d48f758b1');
INSERT INTO plato (descripcion, img_url, ingredientes, nombre, precio, restaurante_id, sin_gluten, valoracion_media, id) VALUES ('Lasagna al forno', 'default-plato.jpg', 'Lasagna sheets, Bolognese sauce, béchamel sauce, Parmesan cheese', 'Lasagna', 14.50, '76d3943f-2e5e-4c37-ac60-d26ef0d833ab', false, 0.0, 'ef6a9e1a-8aae-40b1-aef6-71a960d28d6b');
INSERT INTO plato (descripcion, img_url, ingredientes, nombre, precio, restaurante_id, sin_gluten, valoracion_media, id) VALUES ('Fettuccine Alfredo', 'default-plato.jpg', 'Fettuccine, butter, cream, Parmesan cheese', 'Alfredo', 13.50, '76d3943f-2e5e-4c37-ac60-d26ef0d833ab', true, 0.0, 'dd657563-f78f-4237-bca1-aa6cbf8386f8');

-- TACO BELL
insert into plato (descripcion, img_url, ingredientes, nombre, precio, restaurante_id, sin_gluten, valoracion_media, id) values ('Tacos de pollo', 'default-plato.jpg', 'Pollo, cebolla, cilantro, tortillas', 'Tacos de pollo', 10.50, 'd16e716b-82d7-41be-a4d0-4e06d624104b', false, 0.0, '8b1f44df-87cf-4e56-96d7-bc4e4edbc85d');
insert into plato (descripcion, img_url, ingredientes, nombre, precio, restaurante_id, sin_gluten, valoracion_media, id) values ('Burrito de carne asada', 'default-plato.jpg', 'Carne asada, frijoles, arroz, guacamole, tortilla', 'Burrito de carne asada', 12.00, 'd16e716b-82d7-41be-a4d0-4e06d624104b', false, 0.0, '3e1e70a3-c539-428a-aeba-2c9653db3d1a');
insert into plato (descripcion, img_url, ingredientes, nombre, precio, restaurante_id, sin_gluten, valoracion_media, id) values ('Quesadilla con champiñones', 'default-plato.jpg', 'Queso, champiñones, tortilla', 'Quesadilla de champiñones', 9.50, 'd16e716b-82d7-41be-a4d0-4e06d624104b', true, 0.0, 'c6d14e6e-2bcb-44b1-81f2-d17d7422d7b5');
insert into plato (descripcion, img_url, ingredientes, nombre, precio, restaurante_id, sin_gluten, valoracion_media, id) values ('Nachos con queso', 'default-plato.jpg', 'Tortilla chips, queso fundido', 'Nachos con queso', 8.00, 'd16e716b-82d7-41be-a4d0-4e06d624104b', false, 0.0, 'f52c8dd9-0dc4-4ce4-8917-1a2470f64b0c');
insert into plato (descripcion, img_url, ingredientes, nombre, precio, restaurante_id, sin_gluten, valoracion_media, id) values ('Quesadillas de Pollo', 'default-plato.jpg', 'Tortilla de maíz, pollo deshebrado, queso rallado, crema y salsa', 'Quesadillas de Pollo', 3.99, 'd16e716b-82d7-41be-a4d0-4e06d624104b', false, 0.0, '4c4efed7-1cc4-4c09-86b4-6050237a0e0a');
insert into plato (descripcion, img_url, ingredientes, nombre, precio, restaurante_id, sin_gluten, valoracion_media, id) values ('Taco de Carne Asada', 'default-plato.jpg', 'Tortilla de maíz, carne asada, cebolla, cilantro y limón', 'Taco de Carne Asada', 2.99, 'd16e716b-82d7-41be-a4d0-4e06d624104b', true, 0.0, 'b3c3b3e9-9e6e-4746-836f-03951d8c67a1');
insert into plato (descripcion, img_url, ingredientes, nombre, precio, restaurante_id, sin_gluten, valoracion_media, id) values ('Chimichanga de Res', 'default-plato.jpg', 'Tortilla de trigo, res deshebrada, frijoles refritos, queso rallado, guacamole, crema y salsa', 'Chimichanga de Res', 6.50, 'd16e716b-82d7-41be-a4d0-4e06d624104b', false, 0.0, 'cfe3e3b6-2c6d-4916-9c3b-3a17e7a84a24');
insert into plato (descripcion, img_url, ingredientes, nombre, precio, restaurante_id, sin_gluten, valoracion_media, id) values ('Chiles Rellenos de Queso', 'default-plato.jpg', 'Chile poblano relleno de queso, capeado y frito', 'Chiles Rellenos de Queso', 4.50, 'd16e716b-82d7-41be-a4d0-4e06d624104b', false, 0.0, 'e1c6dbec-efb5-444d-9bca-32c2e3efed79');
INSERT INTO plato (descripcion, img_url, ingredientes, nombre, precio, restaurante_id, sin_gluten, valoracion_media, id) VALUES ('Nachos supremos', 'default-plato.jpg', 'Tortilla chips, carne, frijoles, queso, jalapeños', 'Nachos supremos', 12.99, 'd16e716b-82d7-41be-a4d0-4e06d624104b', false, 0.0, 'f047cd8d-21ee-4631-aa0b-fcd547f8d7b3');
INSERT INTO plato (descripcion, img_url, ingredientes, nombre, precio, restaurante_id, sin_gluten, valoracion_media, id) VALUES ('Burrito de pollo', 'default-plato.jpg', 'Tortilla de harina, pollo, arroz, frijoles, queso, salsa', 'Burrito de pollo', 8.99, 'd16e716b-82d7-41be-a4d0-4e06d624104b', false, 0.0, '870d9da9-2cfd-4f2c-b17c-96ea8781773b');
INSERT INTO plato (descripcion, img_url, ingredientes, nombre, precio, restaurante_id, sin_gluten, valoracion_media, id) VALUES ('Tacos de pescado', 'default-plato.jpg', 'Tortillas de maíz, pescado, ensalada de col, aguacate, salsa', 'Tacos de pescado', 10.50, 'd16e716b-82d7-41be-a4d0-4e06d624104b', false, 0.0, '3f64d89f-2c47-44af-bb5e-76c9625d2251');
INSERT INTO plato (descripcion, img_url, ingredientes, nombre, precio, restaurante_id, sin_gluten, valoracion_media, id) VALUES ('Enchiladas de camarón', 'default-plato.jpg', 'Tortillas de maíz, camarón, queso, salsa, crema, cebolla', 'Enchiladas de camarón', 14.99, 'd16e716b-82d7-41be-a4d0-4e06d624104b', false, 0.0, '227c2d88-13f7-45f3-9d02-8ec9771d92f7');

-- FIVE GUYS
insert into plato (descripcion, img_url, ingredientes, nombre, precio, restaurante_id, sin_gluten, valoracion_media, id) values ('Hamburguesa clásica con queso', 'default-plato.jpg', 'Pan de hamburguesa, carne de vacuno, queso cheddar, lechuga, tomate, cebolla', 'Hamburguesa clásica con queso', 8.99, 'cd5438bf-f73c-43a2-9389-d43cb0ba2612', false, 0.0, 'ecfd1099-45ab-44c4-9f2e-18ca889f165d');
insert into plato (descripcion, img_url, ingredientes, nombre, precio, restaurante_id, sin_gluten, valoracion_media, id) values ('Hamburguesa de pollo', 'default-plato.jpg', 'Pan de hamburguesa, filete de pollo empanado, lechuga, tomate, mayonesa', 'Hamburguesa de pollo', 9.99, 'cd5438bf-f73c-43a2-9389-d43cb0ba2612', false, 0.0, 'e03784eb-95e2-46c3-a3de-79f9b32e313d');
insert into plato (descripcion, img_url, ingredientes, nombre, precio, restaurante_id, sin_gluten, valoracion_media, id) values ('Hamburguesa vegetariana', 'default-plato.jpg', 'Pan de hamburguesa, hamburguesa vegetariana, lechuga, tomate, cebolla, mayonesa vegana', 'Hamburguesa vegetariana', 10.99, 'cd5438bf-f73c-43a2-9389-d43cb0ba2612', true, 0.0, 'b1a2fa51-747c-4a7e-a346-87b31d1c58f5');
insert into plato (descripcion, img_url, ingredientes, nombre, precio, restaurante_id, sin_gluten, valoracion_media, id) values ('Doble hamburguesa con queso', 'default-plato.jpg', 'Pan de hamburguesa, dos carnes de vacuno, queso cheddar, lechuga, tomate, cebolla', 'Doble hamburguesa con queso', 12.99, 'cd5438bf-f73c-43a2-9389-d43cb0ba2612', false, 0.0, 'f05284e7-cd96-4411-a2e9-94b9fc2b5636');
INSERT INTO plato (descripcion, img_url, ingredientes, nombre, precio, restaurante_id, sin_gluten, valoracion_media, id) VALUES ('Classic Burger', 'default-plato.jpg', 'Carne de res, pan de hamburguesa, queso cheddar, lechuga, tomate, cebolla, salsa especial', 'Classic Burger', 9.99, 'cd5438bf-f73c-43a2-9389-d43cb0ba2612', false, 0.0, '4321dcba-9876-fedc-ba98-7654ef3210cb');
INSERT INTO plato (descripcion, img_url, ingredientes, nombre, precio, restaurante_id, sin_gluten, valoracion_media, id) VALUES ('Chicken Burger', 'default-plato.jpg', 'Pechuga de pollo empanizada, pan de hamburguesa, lechuga, tomate, cebolla, salsa especial', 'Chicken Burger', 9.99, 'cd5438bf-f73c-43a2-9389-d43cb0ba2612', false, 0.0, 'ef012345-6789-abcd-ef01-23456789abcd');
INSERT INTO plato (descripcion, img_url, ingredientes, nombre, precio, restaurante_id, sin_gluten, valoracion_media, id) VALUES ('Crispy onion rings', 'default-plato.jpg', 'Onions, flour, eggs', 'Onion rings', 4.99, 'cd5438bf-f73c-43a2-9389-d43cb0ba2612', true, 0.0, '3b3db1c5-98fc-41dd-a5e5-5a5b95e5b187');
INSERT INTO plato (descripcion, img_url, ingredientes, nombre, precio, restaurante_id, sin_gluten, valoracion_media, id) VALUES ('Jalapeno poppers', 'default-plato.jpg', 'Jalapenos, cream cheese, breadcrumbs', 'Jalapeno poppers', 6.50, 'cd5438bf-f73c-43a2-9389-d43cb0ba2612', false, 0.0, 'd9c946aa-5508-43c1-bf1b-bc80a30183bb');
INSERT INTO plato (descripcion, img_url, ingredientes, nombre, precio, restaurante_id, sin_gluten, valoracion_media, id) VALUES ('Mozzarella sticks', 'default-plato.jpg', 'Mozzarella cheese, flour, eggs', 'Mozzarella sticks', 5.99, 'cd5438bf-f73c-43a2-9389-d43cb0ba2612', true, 0.0, '6d77c6f1-6f8b-4e2c-ba77-425f0d1a75d7');
INSERT INTO plato (descripcion, img_url, ingredientes, nombre, precio, restaurante_id, sin_gluten, valoracion_media, id) VALUES ('Buffalo chicken wings', 'default-plato.jpg', 'Chicken wings, hot sauce, butter', 'Buffalo wings', 9.99, 'cd5438bf-f73c-43a2-9389-d43cb0ba2612', false, 0.0, 'b684ac7a-0e98-4b7a-a4a4-41d72f0bbf6d');
INSERT INTO plato (descripcion, img_url, ingredientes, nombre, precio, restaurante_id, sin_gluten, valoracion_media, id) VALUES ('Garlic bread', 'default-plato.jpg', 'Bread, garlic, butter', 'Garlic bread', 3.50, 'cd5438bf-f73c-43a2-9389-d43cb0ba2612', true, 0.0, '49f3d95b-957d-46c8-a505-fcb5e5b2d1f3');

INSERT INTO valoracion (comentario, nota, plato_id, usuario_id) VALUES ('Si que tenía gluten y tuve una reacción alérgica.', 1.0, 'b3c3b3e9-9e6e-4746-836f-03951d8c67a1', '126d7f14-11dc-4539-946d-d92175eddb6b');
INSERT INTO valoracion (comentario, nota, plato_id, usuario_id) VALUES ('Me encantó el sabor, pero la porción era muy pequeña.', 4.5, 'cd01b03f-fd63-42d1-8e54-20fa8a25463a', '99dfc7a3-d6c7-4a6f-b8d8-7dbfa4fb3172');
INSERT INTO valoracion (comentario, nota, plato_id, usuario_id) VALUES ('No estaba tan bueno como esperaba.', 2.5, '6f077d19-18b6-4c6f-a319-877f87c18d1b', '99dfc7a3-d6c7-4a6f-b8d8-7dbfa4fb3172');
INSERT INTO valoracion (comentario, nota, plato_id, usuario_id) VALUES ('Definitivamente volvería a pedir este plato, ¡estaba delicioso!', 4.8, 'f047cd8d-21ee-4631-aa0b-fcd547f8d7b3', '99dfc7a3-d6c7-4a6f-b8d8-7dbfa4fb3172');
INSERT INTO valoracion (comentario, nota, plato_id, usuario_id) VALUES ('No pude terminar mi comida porque era demasiado picante para mi gusto.', 3.0, 'e03784eb-95e2-46c3-a3de-79f9b32e313d', '99dfc7a3-d6c7-4a6f-b8d8-7dbfa4fb3172');
INSERT INTO valoracion (comentario, nota, plato_id, usuario_id) VALUES ('Pedí la opción vegetariana y estaba muy bien preparada.', 4.2, '6d77c6f1-6f8b-4e2c-ba77-425f0d1a75d7', '99dfc7a3-d6c7-4a6f-b8d8-7dbfa4fb3172');
INSERT INTO valoracion (comentario, nota, plato_id, usuario_id) VALUES ('El plato tenía una presentación muy bonita, pero el sabor era regular.', 3.5, '7c07eaa1-cdd7-48f9-a48b-3e0ee2a2e1af', '33b1da12-3d98-45c5-9a4d-3ddd85dd8367');
INSERT INTO valoracion (comentario, nota, plato_id, usuario_id) VALUES ('El servicio fue excelente, pero el plato estaba demasiado salado.', 2.0, 'b684ac7a-0e98-4b7a-a4a4-41d72f0bbf6d', '33b1da12-3d98-45c5-9a4d-3ddd85dd8367');
INSERT INTO valoracion (comentario, nota, plato_id, usuario_id) VALUES ('El plato era muy sabroso y las porciones eran perfectas.', 4.7, '8a1c65c6-7f2d-4e01-9b4e-6a44933c3a01', 'eb0b467d-119b-481d-b204-7ffcdf9acb99');
INSERT INTO valoracion (comentario, nota, plato_id, usuario_id) VALUES ('Pedí el plato sin lactosa, pero todavía sentí algunos efectos secundarios.', 3.0, '3b3db1c5-98fc-41dd-a5e5-5a5b95e5b187', 'eb0b467d-119b-481d-b204-7ffcdf9acb99');
INSERT INTO valoracion (comentario, nota, plato_id, usuario_id) VALUES ('La comida estaba bien, pero el precio era un poco alto.', 3.2, 'a62d0e63-c6a5-49a5-a6dd-136c56d1d7aa', 'eb0b467d-119b-481d-b204-7ffcdf9acb99');
INSERT INTO valoracion (comentario, nota, plato_id, usuario_id) VALUES ('Me encantó el plato, pero la porción era pequeña para su precio.', 4.0, '49f3d95b-957d-46c8-a505-fcb5e5b2d1f3', 'eb0b467d-119b-481d-b204-7ffcdf9acb99');
INSERT INTO valoracion (comentario, nota, plato_id, usuario_id) VALUES ('La comida estaba bien, pero el servicio fue lento.', 3.0, '8a1c65c6-7f2d-4e01-9b4e-6a44933c3a01', '96779a7f-9837-4561-8769-5e8d58068394');
INSERT INTO valoracion (comentario, nota, plato_id, usuario_id) VALUES ('Pedí el plato vegetariano y estaba muy bueno, pero hubiera preferido que fuera un poco más picante.', 4.3, '2c01df0b-5797-4c4b-9ec4-4d4a4a12c096', '96779a7f-9837-4561-8769-5e8d58068394');
INSERT INTO valoracion (comentario, nota, plato_id, usuario_id) VALUES ('La comida era deliciosa, pero la presentación podría haber sido mejor.', 4.2, 'ecfd1099-45ab-44c4-9f2e-18ca889f165d', '126d7f14-11dc-4539-946d-d92175eddb6b');
INSERT INTO valoracion (comentario, nota, plato_id, usuario_id) VALUES ('El plato estaba bien, pero la porción era demasiado grande para mí.', 3.5, 'fb7a4c93-59a5-4e54-b927-0844ef48bf04', '126d7f14-11dc-4539-946d-d92175eddb6b');
INSERT INTO valoracion (comentario, nota, plato_id, usuario_id) VALUES ('El plato tenía un sabor increíble, pero la presentación no era tan bonita.', 4.5, '8a1c65c6-7f2d-4e01-9b4e-6a44933c3a01', '126d7f14-11dc-4539-946d-d92175eddb6b');
INSERT INTO valoracion (comentario, nota, plato_id, usuario_id) VALUES ('El servicio fue excelente, pero el plato no cumplió mis expectativas.', 2.5, 'a127d94a-3698-4e03-9a69-9c2f84a8d8c6', '0cafbdc1-509d-4d22-a91c-8b6c527296dd');
INSERT INTO valoracion (comentario, nota, plato_id, usuario_id) VALUES ('El plato era muy sabroso, pero sentí que la porción era un poco pequeña.', 4.7, 'a127d94a-3698-4e03-9a69-9c2f84a8d8c6', '126d7f14-11dc-4539-946d-d92175eddb6b');
INSERT INTO valoracion (comentario, nota, plato_id, usuario_id) VALUES ('Pedí el plato sin gluten, pero todavía sentí algunos efectos secundarios.', 3.0, 'ecfd1099-45ab-44c4-9f2e-18ca889f165d', '12cc4f17-7e8a-4c6d-944d-005e0d155f1e');
INSERT INTO valoracion (comentario, nota, plato_id, usuario_id) VALUES ('La comida estaba bien, pero el precio era un poco alto para la calidad.', 3.2, '6f077d19-18b6-4c6f-a319-877f87c18d1b', '12cc4f17-7e8a-4c6d-944d-005e0d155f1e');
INSERT INTO valoracion (comentario, nota, plato_id, usuario_id) VALUES ('El peor plato que he probado en mi vida, ni siquiera pude terminarlo.', 1.0, 'cd01b03f-fd63-42d1-8e54-20fa8a25463a', '0cafbdc1-509d-4d22-a91c-8b6c527296dd');
INSERT INTO valoracion (comentario, nota, plato_id, usuario_id) VALUES ('La comida era fría y no tenía ningún sabor.', 1.5, 'fb7a4c93-59a5-4e54-b927-0844ef48bf04', '0cafbdc1-509d-4d22-a91c-8b6c527296dd');
INSERT INTO valoracion (comentario, nota, plato_id, usuario_id) VALUES ('El servicio fue pésimo y la comida no era buena.', 2.0, 'a9d23a0c-48bb-45d6-a29f-70f5c5ed5b5c', '0cafbdc1-509d-4d22-a91c-8b6c527296dd');
INSERT INTO valoracion (comentario, nota, plato_id, usuario_id) VALUES ('Pedí el plato sin gluten, pero claramente lo ignoraron.', 1.0, '3d6a2a6b-1976-4b6a-88cb-ef9861b34e23', '0cafbdc1-509d-4d22-a91c-8b6c527296dd');
INSERT INTO valoracion (comentario, nota, plato_id, usuario_id) VALUES ('El plato estaba muy grasoso y me sentí mal después de comerlo.', 2.0, 'e03784eb-95e2-46c3-a3de-79f9b32e313d', '0cafbdc1-509d-4d22-a91c-8b6c527296dd');
INSERT INTO valoracion (comentario, nota, plato_id, usuario_id) VALUES ('El peor servicio que he recibido, los meseros eran groseros y desatentos.', 1.0, 'f047cd8d-21ee-4631-aa0b-fcd547f8d7b3', '0cafbdc1-509d-4d22-a91c-8b6c527296dd');
INSERT INTO valoracion (comentario, nota, plato_id, usuario_id) VALUES ('El plato estaba quemado y tenía un sabor amargo.', 1.5, 'ef6a9e1a-8aae-40b1-aef6-71a960d28d6b', '0cafbdc1-509d-4d22-a91c-8b6c527296dd');
INSERT INTO valoracion (comentario, nota, plato_id, usuario_id) VALUES ('La comida era incomible, tenía un olor extraño y una textura desagradable.', 1.0, 'b684ac7a-0e98-4b7a-a4a4-41d72f0bbf6d', '4a657097-bfee-4507-9a0a-b54bb13a3a02');
INSERT INTO valoracion (comentario, nota, plato_id, usuario_id) VALUES ('El plato tenía un pelo en él, fue muy asqueroso.', 1.0, 'f29ebc2e-49c8-422f-b7b9-9fa33f3d8c06', 'e7aec649-2e10-49c6-bb0a-cf316949e068');
INSERT INTO valoracion (comentario, nota, plato_id, usuario_id) VALUES ('El plato estaba rancio, definitivamente no era fresco.', 2.0, '7c07eaa1-cdd7-48f9-a48b-3e0ee2a2e1af', '4a657097-bfee-4507-9a0a-b54bb13a3a02');
INSERT INTO valoracion (comentario, nota, plato_id, usuario_id) VALUES ('El plato estaba bien, pero no era nada del otro mundo.', 3.0, 'a62d0e63-c6a5-49a5-a6dd-136c56d1d7aa', 'e7aec649-2e10-49c6-bb0a-cf316949e068');
INSERT INTO valoracion (comentario, nota, plato_id, usuario_id) VALUES ('La comida estaba bien equilibrada, pero no tenía nada que destacar.', 3.5, 'f047cd8d-21ee-4631-aa0b-fcd547f8d7b3', '4a657097-bfee-4507-9a0a-b54bb13a3a02');
INSERT INTO valoracion (comentario, nota, plato_id, usuario_id) VALUES ('El servicio fue amable, pero no excepcional.', 3.0, 'e03784eb-95e2-46c3-a3de-79f9b32e313d', 'e7aec649-2e10-49c6-bb0a-cf316949e068');
INSERT INTO valoracion (comentario, nota, plato_id, usuario_id) VALUES ('El servicio fue atento y cordial, pero no excepcional.', 3.5, '7c07eaa1-cdd7-48f9-a48b-3e0ee2a2e1af', '267b5aca-75ea-4937-be88-ac3d1dbebe42');
INSERT INTO valoracion (comentario, nota, plato_id, usuario_id) VALUES ('El plato era aceptable y tenía buen sabor, pero no era impresionante.', 2.5, 'f047cd8d-21ee-4631-aa0b-fcd547f8d7b3', '267b5aca-75ea-4937-be88-ac3d1dbebe42');
INSERT INTO valoracion (comentario, nota, plato_id, usuario_id) VALUES ('La comida era decente y satisfactoria, pero no era nada especial.', 3.0, 'cd01b03f-fd63-42d1-8e54-20fa8a25463a', '267b5aca-75ea-4937-be88-ac3d1dbebe42');

UPDATE plato p SET valoracion_media = COALESCE((SELECT AVG(nota) FROM valoracion v WHERE v.plato_id = p.id), 0.0);

INSERT INTO venta (id, fecha, gasto_envio, total, total_pedido, usuario_id) VALUES ('5f23bfcd-cf68-447d-8412-cfc3ea1824c0', '2023-04-03 14:00:45', 2.5, 0, 0, '368b1df7-15e8-458e-8a72-ccd92d215bf1');
INSERT INTO venta (id, fecha, gasto_envio, total, total_pedido, usuario_id) VALUES ('436748ce-3842-44c9-85f9-8368fd68c48e', '2023-04-03 14:00:45', 2.5, 0, 0, '368b1df7-15e8-458e-8a72-ccd92d215bf1');
INSERT INTO venta (id, fecha, gasto_envio, total, total_pedido, usuario_id) VALUES ('239d9110-7374-4563-ac3c-f4429afc26ab', '2023-04-03 14:00:45', 2.5, 0, 0, '368b1df7-15e8-458e-8a72-ccd92d215bf1');
INSERT INTO venta (id, fecha, gasto_envio, total, total_pedido, usuario_id) VALUES ('4df3364b-8c86-4c4b-b274-a2068b746632', '2023-04-03 14:00:45', 2.5, 0, 0, '368b1df7-15e8-458e-8a72-ccd92d215bf1');
INSERT INTO venta (id, fecha, gasto_envio, total, total_pedido, usuario_id) VALUES ('09c0576f-7587-43db-89dd-de8beb118e69', '2023-04-03 14:00:45', 2.5, 0, 0, '33b1da12-3d98-45c5-9a4d-3ddd85dd8367');
INSERT INTO venta (id, fecha, gasto_envio, total, total_pedido, usuario_id) VALUES ('61cf98a0-cd67-4bc3-baf4-1413aa139ce6', '2023-04-03 14:00:45', 2.5, 0, 0, '33b1da12-3d98-45c5-9a4d-3ddd85dd8367');
INSERT INTO venta (id, fecha, gasto_envio, total, total_pedido, usuario_id) VALUES ('275140ea-8cd4-4ee2-a8c5-7901dc6f6a70', '2023-04-03 14:00:45', 2.5, 0, 0, '33b1da12-3d98-45c5-9a4d-3ddd85dd8367');
INSERT INTO venta (id, fecha, gasto_envio, total, total_pedido, usuario_id) VALUES ('773b0b8f-4fe5-4c4f-b260-03b90ab60f6a', '2023-04-03 14:00:45', 2.5, 0, 0, '126d7f14-11dc-4539-946d-d92175eddb6b');
INSERT INTO venta (id, fecha, gasto_envio, total, total_pedido, usuario_id) VALUES ('b3abf004-82db-41d1-9389-7bdbc4cde061', '2023-04-03 14:00:45', 2.5, 0, 0, '126d7f14-11dc-4539-946d-d92175eddb6b');
INSERT INTO venta (id, fecha, gasto_envio, total, total_pedido, usuario_id) VALUES ('04e87e52-dfd3-4bc4-b4d2-37fd8cf9deae', '2023-04-03 14:00:45', 2.5, 0, 0, '97953d40-5866-44ed-9d3f-d3fdad632bf4');
INSERT INTO venta (id, fecha, gasto_envio, total, total_pedido, usuario_id) VALUES ('6e3f1891-5008-446b-81cc-63a5c34af4f1', '2023-04-03 14:00:45', 2.5, 0, 0, '3eb63f1a-546b-4dbe-a813-03bed4a4cf98');
INSERT INTO venta (id, fecha, gasto_envio, total, total_pedido, usuario_id) VALUES ('b77ecba0-3118-49d2-928a-f712e8e18567', '2023-04-03 14:00:45', 2.5, 0, 0, '3eb63f1a-546b-4dbe-a813-03bed4a4cf98');
INSERT INTO venta (id, fecha, gasto_envio, total, total_pedido, usuario_id) VALUES ('6668f7a1-a4db-4206-bb3d-1b1d0aa77ab7', '2023-04-03 14:00:45', 2.5, 0, 0, 'eb0b467d-119b-481d-b204-7ffcdf9acb99');
INSERT INTO venta (id, fecha, gasto_envio, total, total_pedido, usuario_id) VALUES ('c6690d21-c8b1-44f7-b1f1-ba8280590669', '2023-04-03 14:00:45', 2.5, 0, 0, 'eb0b467d-119b-481d-b204-7ffcdf9acb99');
INSERT INTO venta (id, fecha, gasto_envio, total, total_pedido, usuario_id) VALUES ('c40a9794-5a83-4f6f-8498-b95a09720388', '2023-04-03 14:00:45', 2.5, 0, 0, 'eb0b467d-119b-481d-b204-7ffcdf9acb99');
INSERT INTO venta (id, fecha, gasto_envio, total, total_pedido, usuario_id) VALUES ('e1e1619e-eade-4251-ab16-c3b5465b39f4', '2023-04-03 14:00:45', 2.5, 0, 0, '33b1da12-3d98-45c5-9a4d-3ddd85dd8367');

UPDATE venta v SET direccion_envio_id = (SELECT d.id FROM direccion_envio d WHERE d.usuario_id = v.usuario_id LIMIT 1);

INSERT INTO linea_venta (venta_id, plato_id, precio_unidad, cantidad, subtotal) SELECT v. id, p.id, p.precio, 1 as cantitdad, p.precio * 1 as subtotal, FROM plato p, venta v ORDER BY RANDOM() LIMIT 1;
INSERT INTO linea_venta (venta_id, plato_id, precio_unidad, cantidad, subtotal) SELECT v. id, p.id, p.precio, 1 as cantitdad, p.precio * 1 as subtotal, FROM plato p, venta v ORDER BY RANDOM() LIMIT 1;
INSERT INTO linea_venta (venta_id, plato_id, precio_unidad, cantidad, subtotal) SELECT v. id, p.id, p.precio, 1 as cantitdad, p.precio * 1 as subtotal, FROM plato p, venta v ORDER BY RANDOM() LIMIT 1;
INSERT INTO linea_venta (venta_id, plato_id, precio_unidad, cantidad, subtotal) SELECT v. id, p.id, p.precio, 1 as cantitdad, p.precio * 1 as subtotal, FROM plato p, venta v ORDER BY RANDOM() LIMIT 1;
INSERT INTO linea_venta (venta_id, plato_id, precio_unidad, cantidad, subtotal) SELECT v. id, p.id, p.precio, 1 as cantitdad, p.precio * 1 as subtotal, FROM plato p, venta v ORDER BY RANDOM() LIMIT 1;
INSERT INTO linea_venta (venta_id, plato_id, precio_unidad, cantidad, subtotal) SELECT v. id, p.id, p.precio, 1 as cantitdad, p.precio * 1 as subtotal, FROM plato p, venta v ORDER BY RANDOM() LIMIT 1;
INSERT INTO linea_venta (venta_id, plato_id, precio_unidad, cantidad, subtotal) SELECT v. id, p.id, p.precio, 1 as cantitdad, p.precio * 1 as subtotal, FROM plato p, venta v ORDER BY RANDOM() LIMIT 1;
INSERT INTO linea_venta (venta_id, plato_id, precio_unidad, cantidad, subtotal) SELECT v. id, p.id, p.precio, 1 as cantitdad, p.precio * 1 as subtotal, FROM plato p, venta v ORDER BY RANDOM() LIMIT 1;
INSERT INTO linea_venta (venta_id, plato_id, precio_unidad, cantidad, subtotal) SELECT v. id, p.id, p.precio, 1 as cantitdad, p.precio * 1 as subtotal, FROM plato p, venta v ORDER BY RANDOM() LIMIT 1;
INSERT INTO linea_venta (venta_id, plato_id, precio_unidad, cantidad, subtotal) SELECT v. id, p.id, p.precio, 1 as cantitdad, p.precio * 1 as subtotal, FROM plato p, venta v ORDER BY RANDOM() LIMIT 1;
INSERT INTO linea_venta (venta_id, plato_id, precio_unidad, cantidad, subtotal) SELECT v. id, p.id, p.precio, 1 as cantitdad, p.precio * 1 as subtotal, FROM plato p, venta v ORDER BY RANDOM() LIMIT 1;
INSERT INTO linea_venta (venta_id, plato_id, precio_unidad, cantidad, subtotal) SELECT v. id, p.id, p.precio, 1 as cantitdad, p.precio * 1 as subtotal, FROM plato p, venta v ORDER BY RANDOM() LIMIT 1;
INSERT INTO linea_venta (venta_id, plato_id, precio_unidad, cantidad, subtotal) SELECT v. id, p.id, p.precio, 1 as cantitdad, p.precio * 1 as subtotal, FROM plato p, venta v ORDER BY RANDOM() LIMIT 1;
INSERT INTO linea_venta (venta_id, plato_id, precio_unidad, cantidad, subtotal) SELECT v. id, p.id, p.precio, 1 as cantitdad, p.precio * 1 as subtotal, FROM plato p, venta v ORDER BY RANDOM() LIMIT 1;
INSERT INTO linea_venta (venta_id, plato_id, precio_unidad, cantidad, subtotal) SELECT v. id, p.id, p.precio, 1 as cantitdad, p.precio * 1 as subtotal, FROM plato p, venta v ORDER BY RANDOM() LIMIT 1;
INSERT INTO linea_venta (venta_id, plato_id, precio_unidad, cantidad, subtotal) SELECT v. id, p.id, p.precio, 1 as cantitdad, p.precio * 1 as subtotal, FROM plato p, venta v ORDER BY RANDOM() LIMIT 1;
INSERT INTO linea_venta (venta_id, plato_id, precio_unidad, cantidad, subtotal) SELECT v. id, p.id, p.precio, 1 as cantitdad, p.precio * 1 as subtotal, FROM plato p, venta v ORDER BY RANDOM() LIMIT 1;
INSERT INTO linea_venta (venta_id, plato_id, precio_unidad, cantidad, subtotal) SELECT v. id, p.id, p.precio, 1 as cantitdad, p.precio * 1 as subtotal, FROM plato p, venta v ORDER BY RANDOM() LIMIT 1;
INSERT INTO linea_venta (venta_id, plato_id, precio_unidad, cantidad, subtotal) SELECT v. id, p.id, p.precio, 1 as cantitdad, p.precio * 1 as subtotal, FROM plato p, venta v ORDER BY RANDOM() LIMIT 1;
INSERT INTO linea_venta (venta_id, plato_id, precio_unidad, cantidad, subtotal) SELECT v. id, p.id, p.precio, 1 as cantitdad, p.precio * 1 as subtotal, FROM plato p, venta v ORDER BY RANDOM() LIMIT 1;
INSERT INTO linea_venta (venta_id, plato_id, precio_unidad, cantidad, subtotal) SELECT v. id, p.id, p.precio, 2 as cantitdad, p.precio * 2 as subtotal, FROM plato p, venta v ORDER BY RANDOM() LIMIT 1;
INSERT INTO linea_venta (venta_id, plato_id, precio_unidad, cantidad, subtotal) SELECT v. id, p.id, p.precio, 2 as cantitdad, p.precio * 2 as subtotal, FROM plato p, venta v ORDER BY RANDOM() LIMIT 1;
INSERT INTO linea_venta (venta_id, plato_id, precio_unidad, cantidad, subtotal) SELECT v. id, p.id, p.precio, 2 as cantitdad, p.precio * 2 as subtotal, FROM plato p, venta v ORDER BY RANDOM() LIMIT 1;
INSERT INTO linea_venta (venta_id, plato_id, precio_unidad, cantidad, subtotal) SELECT v. id, p.id, p.precio, 2 as cantitdad, p.precio * 2 as subtotal, FROM plato p, venta v ORDER BY RANDOM() LIMIT 1;
INSERT INTO linea_venta (venta_id, plato_id, precio_unidad, cantidad, subtotal) SELECT v. id, p.id, p.precio, 2 as cantitdad, p.precio * 2 as subtotal, FROM plato p, venta v ORDER BY RANDOM() LIMIT 1;
INSERT INTO linea_venta (venta_id, plato_id, precio_unidad, cantidad, subtotal) SELECT v. id, p.id, p.precio, 2 as cantitdad, p.precio * 2 as subtotal, FROM plato p, venta v ORDER BY RANDOM() LIMIT 1;
INSERT INTO linea_venta (venta_id, plato_id, precio_unidad, cantidad, subtotal) SELECT v. id, p.id, p.precio, 2 as cantitdad, p.precio * 2 as subtotal, FROM plato p, venta v ORDER BY RANDOM() LIMIT 1;
INSERT INTO linea_venta (venta_id, plato_id, precio_unidad, cantidad, subtotal) SELECT v. id, p.id, p.precio, 2 as cantitdad, p.precio * 2 as subtotal, FROM plato p, venta v ORDER BY RANDOM() LIMIT 1;
INSERT INTO linea_venta (venta_id, plato_id, precio_unidad, cantidad, subtotal) SELECT v. id, p.id, p.precio, 2 as cantitdad, p.precio * 2 as subtotal, FROM plato p, venta v ORDER BY RANDOM() LIMIT 1;
INSERT INTO linea_venta (venta_id, plato_id, precio_unidad, cantidad, subtotal) SELECT v. id, p.id, p.precio, 2 as cantitdad, p.precio * 2 as subtotal, FROM plato p, venta v ORDER BY RANDOM() LIMIT 1;
INSERT INTO linea_venta (venta_id, plato_id, precio_unidad, cantidad, subtotal) SELECT v. id, p.id, p.precio, 2 as cantitdad, p.precio * 2 as subtotal, FROM plato p, venta v ORDER BY RANDOM() LIMIT 1;
INSERT INTO linea_venta (venta_id, plato_id, precio_unidad, cantidad, subtotal) SELECT v. id, p.id, p.precio, 3 as cantitdad, p.precio * 3 as subtotal, FROM plato p, venta v ORDER BY RANDOM() LIMIT 1;
INSERT INTO linea_venta (venta_id, plato_id, precio_unidad, cantidad, subtotal) SELECT v. id, p.id, p.precio, 3 as cantitdad, p.precio * 3 as subtotal, FROM plato p, venta v ORDER BY RANDOM() LIMIT 1;
INSERT INTO linea_venta (venta_id, plato_id, precio_unidad, cantidad, subtotal) SELECT v. id, p.id, p.precio, 5 as cantitdad, p.precio * 5 as subtotal, FROM plato p, venta v ORDER BY RANDOM() LIMIT 1;

UPDATE venta v SET total_pedido = COALESCE((SELECT SUM(subtotal) FROM linea_venta l WHERE l.venta_id = v.id), 0);
UPDATE venta v SET total = total_pedido + gasto_envio;